2026-03-11 01:50:41 - exp2b_flash_learned_pool - INFO - 
================================================================================
2026-03-11 01:50:41 - exp2b_flash_learned_pool - INFO - EXPERIMENT: exp2b_flash_learned_pool
2026-03-11 01:50:41 - exp2b_flash_learned_pool - INFO - ================================================================================
2026-03-11 01:50:41 - exp2b_flash_learned_pool - INFO - Model: Flash Attention Transformer (FP16)
2026-03-11 01:50:41 - exp2b_flash_learned_pool - INFO -   d_model=256, nhid=704, nhead=8
2026-03-11 01:50:41 - exp2b_flash_learned_pool - INFO -   Daily Encoder: Learned Attention Pooling
2026-03-11 01:50:41 - exp2b_flash_learned_pool - INFO - Total parameters: 25,325,209
2026-03-11 01:50:41 - exp2b_flash_learned_pool - INFO - ✅ Using pre-prepared data
2026-03-11 01:50:41 - exp2b_flash_learned_pool - INFO - Using BCEWithLogitsLoss
2026-03-11 01:50:41 - exp2b_flash_learned_pool - INFO -   With pos_weight method: log_scaled
2026-03-11 01:50:41 - exp2b_flash_learned_pool - INFO -  Enabling DataParallel with 4 GPUs
2026-03-11 01:50:41 - exp2b_flash_learned_pool - INFO -    Per-GPU batch size: 32
2026-03-11 01:50:41 - exp2b_flash_learned_pool - INFO -    Effective batch size: 128
2026-03-11 01:50:41 - exp2b_flash_learned_pool - INFO -    Base learning rate: 0.0002
2026-03-11 01:50:41 - exp2b_flash_learned_pool - INFO -    Scaled learning rate: 8.00e-04
2026-03-11 01:50:41 - exp2b_flash_learned_pool - INFO -    DataParallel device_ids: [0, 1, 2, 3]
2026-03-11 01:50:41 - exp2b_flash_learned_pool - INFO -    DataParallel output_device: 0
2026-03-11 01:50:41 - exp2b_flash_learned_pool - INFO -    ✅ Using DataParallelWrapper for integrated loss
2026-03-11 01:50:41 - exp2b_flash_learned_pool - INFO - Bucketing is ENABLED via BatchSampler.
2026-03-11 01:51:04 - exp2b_flash_learned_pool - INFO - Train loader: 84,855 batches
2026-03-11 01:51:04 - exp2b_flash_learned_pool - INFO - Val loader: 858 batches
2026-03-11 01:51:04 - exp2b_flash_learned_pool - INFO - Using DataLoader with 4 workers.
2026-03-11 01:51:04 - exp2b_flash_learned_pool - INFO - Optimizer: AdamW: lr=8.00e-04, weight_decay=0.01
2026-03-11 01:51:04 - exp2b_flash_learned_pool - INFO - Scheduler: LinearPlateau: warmup=12728 steps (15%), plateau until 60%, decay to 1.60e-04
2026-03-11 01:51:04 - exp2b_flash_learned_pool - INFO - Optimizer: AdamW: lr=8.00e-04, weight_decay=0.01
2026-03-11 01:51:04 - exp2b_flash_learned_pool - INFO - Scheduler: LinearPlateau: warmup=12728 steps (15%), plateau until 60%, decay to 1.60e-04
2026-03-11 01:51:04 - exp2b_flash_learned_pool - INFO - Training for 1 epochs...
2026-03-11 01:51:04 - exp2b_flash_learned_pool - INFO - 
--- Epoch 1/1 ---
2026-03-11 01:51:39 - exp2b_flash_learned_pool - DEBUG -     Loss: 0.8002 | R@10: 0.006 | R@20: 0.016 | μR@10: 0.002 | P@10: 0.001 | NDCG@20: 0.001 | PosBrier: 0.2947
2026-03-11 01:53:58 - exp2b_flash_learned_pool - DEBUG -     Loss: 0.7238 | R@10: 0.001 | R@20: 0.005 | μR@10: 0.000 | P@10: 0.000 | NDCG@20: 0.000 | PosBrier: 0.3246
2026-03-11 01:56:11 - exp2b_flash_learned_pool - DEBUG -     Loss: 0.5817 | R@10: 0.003 | R@20: 0.004 | μR@10: 0.001 | P@10: 0.000 | NDCG@20: 0.000 | PosBrier: 0.4087
2026-03-11 01:58:27 - exp2b_flash_learned_pool - DEBUG -     Loss: 0.4413 | R@10: 0.003 | R@20: 0.006 | μR@10: 0.001 | P@10: 0.000 | NDCG@20: 0.001 | PosBrier: 0.4965
2026-03-11 02:00:42 - exp2b_flash_learned_pool - DEBUG -     Loss: 0.3066 | R@10: 0.001 | R@20: 0.003 | μR@10: 0.000 | P@10: 0.000 | NDCG@20: 0.000 | PosBrier: 0.5792
2026-03-11 02:02:55 - exp2b_flash_learned_pool - DEBUG -     Loss: 0.2017 | R@10: 0.002 | R@20: 0.004 | μR@10: 0.001 | P@10: 0.000 | NDCG@20: 0.000 | PosBrier: 0.6806
2026-03-11 02:05:08 - exp2b_flash_learned_pool - DEBUG -     Loss: 0.1315 | R@10: 0.001 | R@20: 0.004 | μR@10: 0.000 | P@10: 0.000 | NDCG@20: 0.000 | PosBrier: 0.7581
2026-03-11 02:07:15 - exp2b_flash_learned_pool - DEBUG -     Loss: 0.0878 | R@10: 0.002 | R@20: 0.003 | μR@10: 0.001 | P@10: 0.000 | NDCG@20: 0.000 | PosBrier: 0.8130
2026-03-11 02:09:18 - exp2b_flash_learned_pool - DEBUG -     Loss: 0.0607 | R@10: 0.016 | R@20: 0.037 | μR@10: 0.005 | P@10: 0.002 | NDCG@20: 0.003 | PosBrier: 0.8538
2026-03-11 02:11:24 - exp2b_flash_learned_pool - DEBUG -     Loss: 0.0438 | R@10: 0.114 | R@20: 0.156 | μR@10: 0.036 | P@10: 0.013 | NDCG@20: 0.021 | PosBrier: 0.8867
2026-03-11 02:13:31 - exp2b_flash_learned_pool - DEBUG -     Loss: 0.0326 | R@10: 0.214 | R@20: 0.251 | μR@10: 0.082 | P@10: 0.027 | NDCG@20: 0.050 | PosBrier: 0.9024
2026-03-11 02:15:37 - exp2b_flash_learned_pool - DEBUG -     Loss: 0.0250 | R@10: 0.305 | R@20: 0.348 | μR@10: 0.128 | P@10: 0.042 | NDCG@20: 0.085 | PosBrier: 0.9123
2026-03-11 02:17:49 - exp2b_flash_learned_pool - DEBUG -     Loss: 0.0194 | R@10: 0.339 | R@20: 0.392 | μR@10: 0.174 | P@10: 0.048 | NDCG@20: 0.111 | PosBrier: 0.9197
2026-03-11 02:20:08 - exp2b_flash_learned_pool - DEBUG -     Loss: 0.0157 | R@10: 0.367 | R@20: 0.444 | μR@10: 0.204 | P@10: 0.055 | NDCG@20: 0.125 | PosBrier: 0.9278
2026-03-11 02:22:12 - exp2b_flash_learned_pool - DEBUG -     Loss: 0.0132 | R@10: 0.453 | R@20: 0.564 | μR@10: 0.211 | P@10: 0.065 | NDCG@20: 0.164 | PosBrier: 0.9322
2026-03-11 02:24:19 - exp2b_flash_learned_pool - DEBUG -     Loss: 0.0110 | R@10: 0.455 | R@20: 0.614 | μR@10: 0.266 | P@10: 0.071 | NDCG@20: 0.184 | PosBrier: 0.9320
2026-03-11 02:26:26 - exp2b_flash_learned_pool - DEBUG -     Loss: 0.0096 | R@10: 0.418 | R@20: 0.601 | μR@10: 0.231 | P@10: 0.069 | NDCG@20: 0.176 | PosBrier: 0.9345
2026-03-11 02:28:35 - exp2b_flash_learned_pool - DEBUG -     Loss: 0.0085 | R@10: 0.472 | R@20: 0.668 | μR@10: 0.223 | P@10: 0.069 | NDCG@20: 0.191 | PosBrier: 0.9386
2026-03-11 02:30:46 - exp2b_flash_learned_pool - DEBUG -     Loss: 0.0076 | R@10: 0.476 | R@20: 0.681 | μR@10: 0.243 | P@10: 0.077 | NDCG@20: 0.199 | PosBrier: 0.9366
2026-03-11 02:32:58 - exp2b_flash_learned_pool - DEBUG -     Loss: 0.0072 | R@10: 0.472 | R@20: 0.680 | μR@10: 0.201 | P@10: 0.070 | NDCG@20: 0.185 | PosBrier: 0.9416
2026-03-11 02:35:12 - exp2b_flash_learned_pool - DEBUG -     Loss: 0.0063 | R@10: 0.556 | R@20: 0.728 | μR@10: 0.231 | P@10: 0.073 | NDCG@20: 0.203 | PosBrier: 0.9278
2026-03-11 02:37:26 - exp2b_flash_learned_pool - DEBUG -     Loss: 0.0059 | R@10: 0.499 | R@20: 0.690 | μR@10: 0.238 | P@10: 0.076 | NDCG@20: 0.201 | PosBrier: 0.9300
2026-03-11 02:39:37 - exp2b_flash_learned_pool - DEBUG -     Loss: 0.0054 | R@10: 0.472 | R@20: 0.689 | μR@10: 0.234 | P@10: 0.076 | NDCG@20: 0.207 | PosBrier: 0.9363
2026-03-11 02:41:48 - exp2b_flash_learned_pool - DEBUG -     Loss: 0.0049 | R@10: 0.459 | R@20: 0.635 | μR@10: 0.225 | P@10: 0.064 | NDCG@20: 0.185 | PosBrier: 0.9214
2026-03-11 02:44:00 - exp2b_flash_learned_pool - DEBUG -     Loss: 0.0049 | R@10: 0.486 | R@20: 0.675 | μR@10: 0.237 | P@10: 0.079 | NDCG@20: 0.206 | PosBrier: 0.9235
2026-03-11 02:46:15 - exp2b_flash_learned_pool - DEBUG -     Loss: 0.0048 | R@10: 0.507 | R@20: 0.692 | μR@10: 0.216 | P@10: 0.075 | NDCG@20: 0.206 | PosBrier: 0.9234
2026-03-11 02:48:29 - exp2b_flash_learned_pool - DEBUG -     Loss: 0.0044 | R@10: 0.521 | R@20: 0.706 | μR@10: 0.244 | P@10: 0.077 | NDCG@20: 0.216 | PosBrier: 0.9249
2026-03-11 02:50:41 - exp2b_flash_learned_pool - DEBUG -     Loss: 0.0045 | R@10: 0.510 | R@20: 0.684 | μR@10: 0.236 | P@10: 0.082 | NDCG@20: 0.218 | PosBrier: 0.9227
2026-03-11 02:52:53 - exp2b_flash_learned_pool - DEBUG -     Loss: 0.0041 | R@10: 0.521 | R@20: 0.697 | μR@10: 0.273 | P@10: 0.086 | NDCG@20: 0.223 | PosBrier: 0.9064
2026-03-11 02:55:05 - exp2b_flash_learned_pool - DEBUG -     Loss: 0.0038 | R@10: 0.551 | R@20: 0.728 | μR@10: 0.272 | P@10: 0.082 | NDCG@20: 0.238 | PosBrier: 0.9106
2026-03-11 02:57:17 - exp2b_flash_learned_pool - DEBUG -     Loss: 0.0035 | R@10: 0.476 | R@20: 0.684 | μR@10: 0.246 | P@10: 0.068 | NDCG@20: 0.217 | PosBrier: 0.9031
2026-03-11 02:59:28 - exp2b_flash_learned_pool - DEBUG -     Loss: 0.0037 | R@10: 0.541 | R@20: 0.717 | μR@10: 0.253 | P@10: 0.080 | NDCG@20: 0.234 | PosBrier: 0.9104
2026-03-11 03:01:37 - exp2b_flash_learned_pool - DEBUG -     Loss: 0.0037 | R@10: 0.547 | R@20: 0.729 | μR@10: 0.258 | P@10: 0.084 | NDCG@20: 0.236 | PosBrier: 0.8950
2026-03-11 03:03:49 - exp2b_flash_learned_pool - DEBUG -     Loss: 0.0036 | R@10: 0.549 | R@20: 0.758 | μR@10: 0.261 | P@10: 0.084 | NDCG@20: 0.245 | PosBrier: 0.9181
2026-03-11 03:06:00 - exp2b_flash_learned_pool - DEBUG -     Loss: 0.0036 | R@10: 0.516 | R@20: 0.704 | μR@10: 0.262 | P@10: 0.084 | NDCG@20: 0.228 | PosBrier: 0.8971
2026-03-11 03:08:13 - exp2b_flash_learned_pool - DEBUG -     Loss: 0.0035 | R@10: 0.525 | R@20: 0.688 | μR@10: 0.277 | P@10: 0.086 | NDCG@20: 0.228 | PosBrier: 0.8916
2026-03-11 03:10:22 - exp2b_flash_learned_pool - DEBUG -     Loss: 0.0033 | R@10: 0.531 | R@20: 0.719 | μR@10: 0.273 | P@10: 0.083 | NDCG@20: 0.237 | PosBrier: 0.8872
2026-03-11 03:12:39 - exp2b_flash_learned_pool - DEBUG -     Loss: 0.0031 | R@10: 0.530 | R@20: 0.710 | μR@10: 0.297 | P@10: 0.085 | NDCG@20: 0.245 | PosBrier: 0.8936
2026-03-11 03:14:47 - exp2b_flash_learned_pool - DEBUG -     Loss: 0.0033 | R@10: 0.543 | R@20: 0.749 | μR@10: 0.276 | P@10: 0.082 | NDCG@20: 0.252 | PosBrier: 0.9016
2026-03-11 03:17:07 - exp2b_flash_learned_pool - DEBUG -     Loss: 0.0035 | R@10: 0.496 | R@20: 0.694 | μR@10: 0.248 | P@10: 0.083 | NDCG@20: 0.220 | PosBrier: 0.8920
2026-03-11 03:19:16 - exp2b_flash_learned_pool - DEBUG -     Loss: 0.0033 | R@10: 0.528 | R@20: 0.715 | μR@10: 0.279 | P@10: 0.086 | NDCG@20: 0.246 | PosBrier: 0.8824
2026-03-11 03:21:26 - exp2b_flash_learned_pool - DEBUG -     Loss: 0.0032 | R@10: 0.626 | R@20: 0.799 | μR@10: 0.321 | P@10: 0.104 | NDCG@20: 0.280 | PosBrier: 0.8355
2026-03-11 03:23:37 - exp2b_flash_learned_pool - DEBUG -     Loss: 0.0034 | R@10: 0.599 | R@20: 0.772 | μR@10: 0.281 | P@10: 0.095 | NDCG@20: 0.268 | PosBrier: 0.8966
2026-03-11 03:25:50 - exp2b_flash_learned_pool - DEBUG -     Loss: 0.0029 | R@10: 0.528 | R@20: 0.717 | μR@10: 0.316 | P@10: 0.087 | NDCG@20: 0.258 | PosBrier: 0.8853
2026-03-11 03:27:59 - exp2b_flash_learned_pool - DEBUG -     Loss: 0.0033 | R@10: 0.651 | R@20: 0.804 | μR@10: 0.317 | P@10: 0.110 | NDCG@20: 0.283 | PosBrier: 0.8442
2026-03-11 03:30:08 - exp2b_flash_learned_pool - DEBUG -     Loss: 0.0033 | R@10: 0.604 | R@20: 0.747 | μR@10: 0.300 | P@10: 0.104 | NDCG@20: 0.272 | PosBrier: 0.8514
2026-03-11 03:32:17 - exp2b_flash_learned_pool - DEBUG -     Loss: 0.0030 | R@10: 0.633 | R@20: 0.777 | μR@10: 0.328 | P@10: 0.103 | NDCG@20: 0.290 | PosBrier: 0.8631
2026-03-11 03:34:27 - exp2b_flash_learned_pool - DEBUG -     Loss: 0.0031 | R@10: 0.587 | R@20: 0.748 | μR@10: 0.328 | P@10: 0.103 | NDCG@20: 0.284 | PosBrier: 0.8358
2026-03-11 03:36:44 - exp2b_flash_learned_pool - DEBUG -     Loss: 0.0031 | R@10: 0.630 | R@20: 0.769 | μR@10: 0.324 | P@10: 0.107 | NDCG@20: 0.283 | PosBrier: 0.8391
2026-03-11 03:38:55 - exp2b_flash_learned_pool - DEBUG -     Loss: 0.0029 | R@10: 0.621 | R@20: 0.763 | μR@10: 0.325 | P@10: 0.099 | NDCG@20: 0.283 | PosBrier: 0.8542
2026-03-11 03:41:04 - exp2b_flash_learned_pool - DEBUG -     Loss: 0.0030 | R@10: 0.613 | R@20: 0.771 | μR@10: 0.318 | P@10: 0.102 | NDCG@20: 0.282 | PosBrier: 0.8539
2026-03-11 03:43:15 - exp2b_flash_learned_pool - DEBUG -     Loss: 0.0030 | R@10: 0.667 | R@20: 0.783 | μR@10: 0.373 | P@10: 0.118 | NDCG@20: 0.309 | PosBrier: 0.8287
2026-03-11 03:45:24 - exp2b_flash_learned_pool - DEBUG -     Loss: 0.0030 | R@10: 0.656 | R@20: 0.781 | μR@10: 0.338 | P@10: 0.109 | NDCG@20: 0.296 | PosBrier: 0.8366
2026-03-11 03:47:33 - exp2b_flash_learned_pool - DEBUG -     Loss: 0.0028 | R@10: 0.634 | R@20: 0.770 | μR@10: 0.356 | P@10: 0.106 | NDCG@20: 0.302 | PosBrier: 0.8289
2026-03-11 03:49:43 - exp2b_flash_learned_pool - DEBUG -     Loss: 0.0026 | R@10: 0.628 | R@20: 0.763 | μR@10: 0.381 | P@10: 0.103 | NDCG@20: 0.307 | PosBrier: 0.8206
2026-03-11 03:52:00 - exp2b_flash_learned_pool - DEBUG -     Loss: 0.0027 | R@10: 0.706 | R@20: 0.822 | μR@10: 0.398 | P@10: 0.120 | NDCG@20: 0.332 | PosBrier: 0.8174
2026-03-11 03:54:11 - exp2b_flash_learned_pool - DEBUG -     Loss: 0.0029 | R@10: 0.662 | R@20: 0.797 | μR@10: 0.332 | P@10: 0.100 | NDCG@20: 0.317 | PosBrier: 0.8532
2026-03-11 03:56:24 - exp2b_flash_learned_pool - DEBUG -     Loss: 0.0029 | R@10: 0.646 | R@20: 0.772 | μR@10: 0.350 | P@10: 0.110 | NDCG@20: 0.294 | PosBrier: 0.8169
2026-03-11 03:58:39 - exp2b_flash_learned_pool - DEBUG -     Loss: 0.0027 | R@10: 0.594 | R@20: 0.746 | μR@10: 0.367 | P@10: 0.104 | NDCG@20: 0.289 | PosBrier: 0.8387
2026-03-11 04:00:51 - exp2b_flash_learned_pool - DEBUG -     Loss: 0.0028 | R@10: 0.715 | R@20: 0.847 | μR@10: 0.396 | P@10: 0.131 | NDCG@20: 0.358 | PosBrier: 0.8020
2026-03-11 04:03:02 - exp2b_flash_learned_pool - DEBUG -     Loss: 0.0029 | R@10: 0.662 | R@20: 0.794 | μR@10: 0.362 | P@10: 0.121 | NDCG@20: 0.316 | PosBrier: 0.8080
2026-03-11 04:05:13 - exp2b_flash_learned_pool - DEBUG -     Loss: 0.0027 | R@10: 0.702 | R@20: 0.818 | μR@10: 0.398 | P@10: 0.121 | NDCG@20: 0.341 | PosBrier: 0.8006
2026-03-11 04:07:24 - exp2b_flash_learned_pool - DEBUG -     Loss: 0.0028 | R@10: 0.700 | R@20: 0.829 | μR@10: 0.396 | P@10: 0.125 | NDCG@20: 0.338 | PosBrier: 0.8193
2026-03-11 04:09:35 - exp2b_flash_learned_pool - DEBUG -     Loss: 0.0029 | R@10: 0.745 | R@20: 0.841 | μR@10: 0.402 | P@10: 0.133 | NDCG@20: 0.357 | PosBrier: 0.7973
2026-03-11 04:11:47 - exp2b_flash_learned_pool - DEBUG -     Loss: 0.0027 | R@10: 0.736 | R@20: 0.863 | μR@10: 0.409 | P@10: 0.131 | NDCG@20: 0.365 | PosBrier: 0.7751
2026-03-11 04:13:58 - exp2b_flash_learned_pool - DEBUG -     Loss: 0.0027 | R@10: 0.747 | R@20: 0.845 | μR@10: 0.416 | P@10: 0.134 | NDCG@20: 0.370 | PosBrier: 0.7634
2026-03-11 04:16:11 - exp2b_flash_learned_pool - DEBUG -     Loss: 0.0026 | R@10: 0.741 | R@20: 0.854 | μR@10: 0.423 | P@10: 0.128 | NDCG@20: 0.377 | PosBrier: 0.7875
2026-03-11 04:18:20 - exp2b_flash_learned_pool - DEBUG -     Loss: 0.0028 | R@10: 0.681 | R@20: 0.798 | μR@10: 0.375 | P@10: 0.121 | NDCG@20: 0.330 | PosBrier: 0.8010
2026-03-11 04:20:29 - exp2b_flash_learned_pool - DEBUG -     Loss: 0.0029 | R@10: 0.701 | R@20: 0.825 | μR@10: 0.385 | P@10: 0.123 | NDCG@20: 0.346 | PosBrier: 0.7888
2026-03-11 04:22:42 - exp2b_flash_learned_pool - DEBUG -     Loss: 0.0025 | R@10: 0.726 | R@20: 0.846 | μR@10: 0.412 | P@10: 0.121 | NDCG@20: 0.374 | PosBrier: 0.7889
2026-03-11 04:24:51 - exp2b_flash_learned_pool - DEBUG -     Loss: 0.0027 | R@10: 0.706 | R@20: 0.813 | μR@10: 0.392 | P@10: 0.121 | NDCG@20: 0.341 | PosBrier: 0.8031
2026-03-11 04:26:58 - exp2b_flash_learned_pool - DEBUG -     Loss: 0.0028 | R@10: 0.717 | R@20: 0.827 | μR@10: 0.399 | P@10: 0.132 | NDCG@20: 0.352 | PosBrier: 0.7967
2026-03-11 04:29:08 - exp2b_flash_learned_pool - DEBUG -     Loss: 0.0028 | R@10: 0.751 | R@20: 0.855 | μR@10: 0.419 | P@10: 0.145 | NDCG@20: 0.376 | PosBrier: 0.7681
2026-03-11 04:31:16 - exp2b_flash_learned_pool - DEBUG -     Loss: 0.0029 | R@10: 0.770 | R@20: 0.865 | μR@10: 0.404 | P@10: 0.148 | NDCG@20: 0.387 | PosBrier: 0.7756
2026-03-11 04:33:24 - exp2b_flash_learned_pool - DEBUG -     Loss: 0.0027 | R@10: 0.719 | R@20: 0.823 | μR@10: 0.406 | P@10: 0.129 | NDCG@20: 0.363 | PosBrier: 0.7756
2026-03-11 04:35:35 - exp2b_flash_learned_pool - DEBUG -     Loss: 0.0023 | R@10: 0.740 | R@20: 0.859 | μR@10: 0.469 | P@10: 0.127 | NDCG@20: 0.375 | PosBrier: 0.7945
2026-03-11 04:37:50 - exp2b_flash_learned_pool - DEBUG -     Loss: 0.0025 | R@10: 0.687 | R@20: 0.814 | μR@10: 0.418 | P@10: 0.122 | NDCG@20: 0.336 | PosBrier: 0.8016
2026-03-11 04:40:02 - exp2b_flash_learned_pool - DEBUG -     Loss: 0.0027 | R@10: 0.778 | R@20: 0.870 | μR@10: 0.415 | P@10: 0.139 | NDCG@20: 0.384 | PosBrier: 0.7828
2026-03-11 04:42:15 - exp2b_flash_learned_pool - DEBUG -     Loss: 0.0021 | R@10: 0.725 | R@20: 0.851 | μR@10: 0.473 | P@10: 0.113 | NDCG@20: 0.370 | PosBrier: 0.7962
2026-03-11 04:44:19 - exp2b_flash_learned_pool - DEBUG -     Loss: 0.0029 | R@10: 0.760 | R@20: 0.857 | μR@10: 0.409 | P@10: 0.143 | NDCG@20: 0.378 | PosBrier: 0.7629
2026-03-11 04:46:26 - exp2b_flash_learned_pool - DEBUG -     Loss: 0.0028 | R@10: 0.802 | R@20: 0.893 | μR@10: 0.436 | P@10: 0.148 | NDCG@20: 0.403 | PosBrier: 0.7471
2026-03-11 04:48:46 - exp2b_flash_learned_pool - DEBUG -     Loss: 0.0022 | R@10: 0.713 | R@20: 0.841 | μR@10: 0.468 | P@10: 0.115 | NDCG@20: 0.355 | PosBrier: 0.8123
2026-03-11 04:50:57 - exp2b_flash_learned_pool - DEBUG -     Loss: 0.0025 | R@10: 0.767 | R@20: 0.869 | μR@10: 0.436 | P@10: 0.128 | NDCG@20: 0.393 | PosBrier: 0.7679
2026-03-11 04:53:09 - exp2b_flash_learned_pool - DEBUG -     Loss: 0.0028 | R@10: 0.800 | R@20: 0.879 | μR@10: 0.424 | P@10: 0.144 | NDCG@20: 0.403 | PosBrier: 0.7611
2026-03-11 04:55:20 - exp2b_flash_learned_pool - DEBUG -     Loss: 0.0026 | R@10: 0.821 | R@20: 0.886 | μR@10: 0.455 | P@10: 0.153 | NDCG@20: 0.419 | PosBrier: 0.7262
2026-03-11 04:57:31 - exp2b_flash_learned_pool - DEBUG -     Loss: 0.0022 | R@10: 0.775 | R@20: 0.872 | μR@10: 0.482 | P@10: 0.118 | NDCG@20: 0.404 | PosBrier: 0.7488
2026-03-11 04:59:36 - exp2b_flash_learned_pool - DEBUG -     Loss: 0.0027 | R@10: 0.762 | R@20: 0.860 | μR@10: 0.412 | P@10: 0.131 | NDCG@20: 0.382 | PosBrier: 0.7679
2026-03-11 05:01:41 - exp2b_flash_learned_pool - DEBUG -     Loss: 0.0026 | R@10: 0.777 | R@20: 0.863 | μR@10: 0.407 | P@10: 0.127 | NDCG@20: 0.393 | PosBrier: 0.7751
2026-03-11 05:03:52 - exp2b_flash_learned_pool - DEBUG -     Loss: 0.0026 | R@10: 0.781 | R@20: 0.864 | μR@10: 0.455 | P@10: 0.148 | NDCG@20: 0.402 | PosBrier: 0.7199
2026-03-11 05:06:02 - exp2b_flash_learned_pool - DEBUG -     Loss: 0.0026 | R@10: 0.796 | R@20: 0.870 | μR@10: 0.444 | P@10: 0.141 | NDCG@20: 0.405 | PosBrier: 0.7450
2026-03-11 05:08:07 - exp2b_flash_learned_pool - DEBUG -     Loss: 0.0025 | R@10: 0.780 | R@20: 0.867 | μR@10: 0.443 | P@10: 0.128 | NDCG@20: 0.402 | PosBrier: 0.7573
2026-03-11 05:10:16 - exp2b_flash_learned_pool - DEBUG -     Loss: 0.0026 | R@10: 0.809 | R@20: 0.901 | μR@10: 0.442 | P@10: 0.138 | NDCG@20: 0.419 | PosBrier: 0.7472
2026-03-11 05:12:28 - exp2b_flash_learned_pool - DEBUG -     Loss: 0.0025 | R@10: 0.804 | R@20: 0.880 | μR@10: 0.460 | P@10: 0.142 | NDCG@20: 0.416 | PosBrier: 0.7581
2026-03-11 05:14:40 - exp2b_flash_learned_pool - DEBUG -     Loss: 0.0025 | R@10: 0.790 | R@20: 0.881 | μR@10: 0.461 | P@10: 0.135 | NDCG@20: 0.404 | PosBrier: 0.7542
2026-03-11 05:16:49 - exp2b_flash_learned_pool - DEBUG -     Loss: 0.0029 | R@10: 0.798 | R@20: 0.867 | μR@10: 0.417 | P@10: 0.152 | NDCG@20: 0.397 | PosBrier: 0.7646
2026-03-11 05:19:01 - exp2b_flash_learned_pool - DEBUG -     Loss: 0.0026 | R@10: 0.783 | R@20: 0.874 | μR@10: 0.445 | P@10: 0.141 | NDCG@20: 0.402 | PosBrier: 0.7350
2026-03-11 05:21:08 - exp2b_flash_learned_pool - DEBUG -     Loss: 0.0027 | R@10: 0.806 | R@20: 0.884 | μR@10: 0.421 | P@10: 0.139 | NDCG@20: 0.396 | PosBrier: 0.7534
2026-03-11 05:23:14 - exp2b_flash_learned_pool - DEBUG -     Loss: 0.0024 | R@10: 0.803 | R@20: 0.884 | μR@10: 0.476 | P@10: 0.139 | NDCG@20: 0.407 | PosBrier: 0.7579
2026-03-11 05:25:24 - exp2b_flash_learned_pool - DEBUG -     Loss: 0.0025 | R@10: 0.829 | R@20: 0.899 | μR@10: 0.464 | P@10: 0.149 | NDCG@20: 0.420 | PosBrier: 0.7140
2026-03-11 05:27:34 - exp2b_flash_learned_pool - DEBUG -     Loss: 0.0023 | R@10: 0.758 | R@20: 0.861 | μR@10: 0.475 | P@10: 0.132 | NDCG@20: 0.381 | PosBrier: 0.7686
2026-03-11 05:29:49 - exp2b_flash_learned_pool - DEBUG -     Loss: 0.0021 | R@10: 0.780 | R@20: 0.874 | μR@10: 0.517 | P@10: 0.125 | NDCG@20: 0.398 | PosBrier: 0.7681
2026-03-11 05:31:59 - exp2b_flash_learned_pool - DEBUG -     Loss: 0.0025 | R@10: 0.824 | R@20: 0.895 | μR@10: 0.492 | P@10: 0.157 | NDCG@20: 0.434 | PosBrier: 0.7084
2026-03-11 05:34:12 - exp2b_flash_learned_pool - DEBUG -     Loss: 0.0024 | R@10: 0.824 | R@20: 0.894 | μR@10: 0.469 | P@10: 0.139 | NDCG@20: 0.417 | PosBrier: 0.7490
2026-03-11 05:36:23 - exp2b_flash_learned_pool - DEBUG -     Loss: 0.0029 | R@10: 0.800 | R@20: 0.875 | μR@10: 0.435 | P@10: 0.158 | NDCG@20: 0.405 | PosBrier: 0.7346
2026-03-11 05:38:35 - exp2b_flash_learned_pool - DEBUG -     Loss: 0.0028 | R@10: 0.801 | R@20: 0.871 | μR@10: 0.428 | P@10: 0.145 | NDCG@20: 0.403 | PosBrier: 0.7517
2026-03-11 05:40:49 - exp2b_flash_learned_pool - DEBUG -     Loss: 0.0021 | R@10: 0.796 | R@20: 0.889 | μR@10: 0.510 | P@10: 0.128 | NDCG@20: 0.407 | PosBrier: 0.7573
2026-03-11 05:42:58 - exp2b_flash_learned_pool - DEBUG -     Loss: 0.0026 | R@10: 0.825 | R@20: 0.888 | μR@10: 0.460 | P@10: 0.155 | NDCG@20: 0.423 | PosBrier: 0.7183
2026-03-11 05:45:07 - exp2b_flash_learned_pool - DEBUG -     Loss: 0.0023 | R@10: 0.785 | R@20: 0.871 | μR@10: 0.473 | P@10: 0.138 | NDCG@20: 0.406 | PosBrier: 0.6878
2026-03-11 05:47:17 - exp2b_flash_learned_pool - DEBUG -     Loss: 0.0027 | R@10: 0.832 | R@20: 0.900 | μR@10: 0.457 | P@10: 0.151 | NDCG@20: 0.418 | PosBrier: 0.7360
2026-03-11 05:49:34 - exp2b_flash_learned_pool - DEBUG -     Loss: 0.0026 | R@10: 0.807 | R@20: 0.884 | μR@10: 0.466 | P@10: 0.152 | NDCG@20: 0.414 | PosBrier: 0.7524
2026-03-11 05:51:40 - exp2b_flash_learned_pool - DEBUG -     Loss: 0.0023 | R@10: 0.832 | R@20: 0.897 | μR@10: 0.519 | P@10: 0.158 | NDCG@20: 0.438 | PosBrier: 0.6898
2026-03-11 05:53:48 - exp2b_flash_learned_pool - DEBUG -     Loss: 0.0025 | R@10: 0.792 | R@20: 0.881 | μR@10: 0.452 | P@10: 0.134 | NDCG@20: 0.405 | PosBrier: 0.7507
2026-03-11 05:55:57 - exp2b_flash_learned_pool - DEBUG -     Loss: 0.0023 | R@10: 0.805 | R@20: 0.866 | μR@10: 0.487 | P@10: 0.142 | NDCG@20: 0.418 | PosBrier: 0.7203
2026-03-11 05:58:07 - exp2b_flash_learned_pool - DEBUG -     Loss: 0.0027 | R@10: 0.820 | R@20: 0.904 | μR@10: 0.449 | P@10: 0.158 | NDCG@20: 0.423 | PosBrier: 0.7411
2026-03-11 06:00:21 - exp2b_flash_learned_pool - DEBUG -     Loss: 0.0025 | R@10: 0.811 | R@20: 0.884 | μR@10: 0.464 | P@10: 0.147 | NDCG@20: 0.423 | PosBrier: 0.7199
2026-03-11 06:02:34 - exp2b_flash_learned_pool - DEBUG -     Loss: 0.0024 | R@10: 0.836 | R@20: 0.893 | μR@10: 0.492 | P@10: 0.154 | NDCG@20: 0.431 | PosBrier: 0.7122
2026-03-11 06:04:40 - exp2b_flash_learned_pool - DEBUG -     Loss: 0.0024 | R@10: 0.815 | R@20: 0.887 | μR@10: 0.494 | P@10: 0.156 | NDCG@20: 0.431 | PosBrier: 0.6985
2026-03-11 06:06:56 - exp2b_flash_learned_pool - DEBUG -     Loss: 0.0021 | R@10: 0.809 | R@20: 0.895 | μR@10: 0.532 | P@10: 0.145 | NDCG@20: 0.425 | PosBrier: 0.6974
2026-03-11 06:09:09 - exp2b_flash_learned_pool - DEBUG -     Loss: 0.0023 | R@10: 0.816 | R@20: 0.895 | μR@10: 0.504 | P@10: 0.151 | NDCG@20: 0.435 | PosBrier: 0.7226
2026-03-11 06:11:21 - exp2b_flash_learned_pool - DEBUG -     Loss: 0.0025 | R@10: 0.826 | R@20: 0.894 | μR@10: 0.471 | P@10: 0.150 | NDCG@20: 0.424 | PosBrier: 0.7096
2026-03-11 06:13:32 - exp2b_flash_learned_pool - DEBUG -     Loss: 0.0022 | R@10: 0.793 | R@20: 0.879 | μR@10: 0.503 | P@10: 0.148 | NDCG@20: 0.414 | PosBrier: 0.6830
2026-03-11 06:15:50 - exp2b_flash_learned_pool - DEBUG -     Loss: 0.0020 | R@10: 0.819 | R@20: 0.905 | μR@10: 0.559 | P@10: 0.139 | NDCG@20: 0.430 | PosBrier: 0.6985
2026-03-11 06:18:01 - exp2b_flash_learned_pool - DEBUG -     Loss: 0.0025 | R@10: 0.768 | R@20: 0.875 | μR@10: 0.447 | P@10: 0.141 | NDCG@20: 0.395 | PosBrier: 0.7415
2026-03-11 06:20:21 - exp2b_flash_learned_pool - DEBUG -     Loss: 0.0021 | R@10: 0.802 | R@20: 0.902 | μR@10: 0.520 | P@10: 0.139 | NDCG@20: 0.409 | PosBrier: 0.7337
2026-03-11 06:22:34 - exp2b_flash_learned_pool - DEBUG -     Loss: 0.0027 | R@10: 0.835 | R@20: 0.903 | μR@10: 0.474 | P@10: 0.163 | NDCG@20: 0.431 | PosBrier: 0.7156
2026-03-11 06:24:45 - exp2b_flash_learned_pool - DEBUG -     Loss: 0.0024 | R@10: 0.814 | R@20: 0.895 | μR@10: 0.459 | P@10: 0.133 | NDCG@20: 0.409 | PosBrier: 0.7556
2026-03-11 06:26:55 - exp2b_flash_learned_pool - DEBUG -     Loss: 0.0022 | R@10: 0.828 | R@20: 0.903 | μR@10: 0.513 | P@10: 0.154 | NDCG@20: 0.435 | PosBrier: 0.6928
2026-03-11 06:29:13 - exp2b_flash_learned_pool - DEBUG -     Loss: 0.0025 | R@10: 0.794 | R@20: 0.882 | μR@10: 0.446 | P@10: 0.139 | NDCG@20: 0.406 | PosBrier: 0.7312
2026-03-11 06:31:25 - exp2b_flash_learned_pool - DEBUG -     Loss: 0.0022 | R@10: 0.806 | R@20: 0.877 | μR@10: 0.500 | P@10: 0.135 | NDCG@20: 0.422 | PosBrier: 0.7068
2026-03-11 06:33:42 - exp2b_flash_learned_pool - DEBUG -     Loss: 0.0020 | R@10: 0.798 | R@20: 0.894 | μR@10: 0.528 | P@10: 0.134 | NDCG@20: 0.408 | PosBrier: 0.7487
2026-03-11 06:35:53 - exp2b_flash_learned_pool - DEBUG -     Loss: 0.0028 | R@10: 0.843 | R@20: 0.905 | μR@10: 0.455 | P@10: 0.165 | NDCG@20: 0.441 | PosBrier: 0.7083
2026-03-11 06:38:10 - exp2b_flash_learned_pool - DEBUG -     Loss: 0.0024 | R@10: 0.826 | R@20: 0.904 | μR@10: 0.503 | P@10: 0.148 | NDCG@20: 0.434 | PosBrier: 0.7094
2026-03-11 06:40:20 - exp2b_flash_learned_pool - DEBUG -     Loss: 0.0026 | R@10: 0.842 | R@20: 0.908 | μR@10: 0.463 | P@10: 0.153 | NDCG@20: 0.436 | PosBrier: 0.7013
2026-03-11 06:42:37 - exp2b_flash_learned_pool - DEBUG -     Loss: 0.0021 | R@10: 0.840 | R@20: 0.902 | μR@10: 0.564 | P@10: 0.164 | NDCG@20: 0.454 | PosBrier: 0.6665
2026-03-11 06:44:48 - exp2b_flash_learned_pool - DEBUG -     Loss: 0.0026 | R@10: 0.806 | R@20: 0.882 | μR@10: 0.459 | P@10: 0.155 | NDCG@20: 0.409 | PosBrier: 0.7299
2026-03-11 06:46:56 - exp2b_flash_learned_pool - DEBUG -     Loss: 0.0023 | R@10: 0.839 | R@20: 0.913 | μR@10: 0.511 | P@10: 0.149 | NDCG@20: 0.441 | PosBrier: 0.7225
2026-03-11 06:49:02 - exp2b_flash_learned_pool - DEBUG -     Loss: 0.0023 | R@10: 0.833 | R@20: 0.905 | μR@10: 0.493 | P@10: 0.139 | NDCG@20: 0.435 | PosBrier: 0.7072
2026-03-11 06:51:18 - exp2b_flash_learned_pool - DEBUG -     Loss: 0.0027 | R@10: 0.839 | R@20: 0.912 | μR@10: 0.474 | P@10: 0.167 | NDCG@20: 0.440 | PosBrier: 0.7086
2026-03-11 06:53:31 - exp2b_flash_learned_pool - DEBUG -     Loss: 0.0024 | R@10: 0.822 | R@20: 0.902 | μR@10: 0.482 | P@10: 0.147 | NDCG@20: 0.425 | PosBrier: 0.7131
2026-03-11 06:55:38 - exp2b_flash_learned_pool - DEBUG -     Loss: 0.0025 | R@10: 0.841 | R@20: 0.912 | μR@10: 0.475 | P@10: 0.149 | NDCG@20: 0.442 | PosBrier: 0.7137
2026-03-11 06:57:53 - exp2b_flash_learned_pool - DEBUG -     Loss: 0.0023 | R@10: 0.812 | R@20: 0.890 | μR@10: 0.517 | P@10: 0.157 | NDCG@20: 0.429 | PosBrier: 0.6936
2026-03-11 07:00:02 - exp2b_flash_learned_pool - DEBUG -     Loss: 0.0026 | R@10: 0.834 | R@20: 0.902 | μR@10: 0.492 | P@10: 0.172 | NDCG@20: 0.443 | PosBrier: 0.6780
2026-03-11 07:02:08 - exp2b_flash_learned_pool - DEBUG -     Loss: 0.0028 | R@10: 0.806 | R@20: 0.881 | μR@10: 0.443 | P@10: 0.160 | NDCG@20: 0.404 | PosBrier: 0.7229
2026-03-11 07:04:23 - exp2b_flash_learned_pool - DEBUG -     Loss: 0.0020 | R@10: 0.810 | R@20: 0.900 | μR@10: 0.551 | P@10: 0.137 | NDCG@20: 0.425 | PosBrier: 0.7201
2026-03-11 07:06:33 - exp2b_flash_learned_pool - DEBUG -     Loss: 0.0024 | R@10: 0.818 | R@20: 0.896 | μR@10: 0.499 | P@10: 0.156 | NDCG@20: 0.434 | PosBrier: 0.6967
2026-03-11 07:08:56 - exp2b_flash_learned_pool - DEBUG -     Loss: 0.0023 | R@10: 0.783 | R@20: 0.885 | μR@10: 0.509 | P@10: 0.150 | NDCG@20: 0.400 | PosBrier: 0.7169
2026-03-11 07:11:08 - exp2b_flash_learned_pool - DEBUG -     Loss: 0.0026 | R@10: 0.811 | R@20: 0.890 | μR@10: 0.447 | P@10: 0.148 | NDCG@20: 0.414 | PosBrier: 0.7365
2026-03-11 07:13:19 - exp2b_flash_learned_pool - DEBUG -     Loss: 0.0026 | R@10: 0.823 | R@20: 0.894 | μR@10: 0.464 | P@10: 0.151 | NDCG@20: 0.426 | PosBrier: 0.7312
2026-03-11 07:15:35 - exp2b_flash_learned_pool - DEBUG -     Loss: 0.0025 | R@10: 0.818 | R@20: 0.888 | μR@10: 0.474 | P@10: 0.161 | NDCG@20: 0.426 | PosBrier: 0.7125
2026-03-11 07:17:48 - exp2b_flash_learned_pool - DEBUG -     Loss: 0.0025 | R@10: 0.857 | R@20: 0.913 | μR@10: 0.483 | P@10: 0.161 | NDCG@20: 0.443 | PosBrier: 0.6978
2026-03-11 07:20:00 - exp2b_flash_learned_pool - DEBUG -     Loss: 0.0024 | R@10: 0.819 | R@20: 0.896 | μR@10: 0.460 | P@10: 0.143 | NDCG@20: 0.428 | PosBrier: 0.7250
2026-03-11 07:22:14 - exp2b_flash_learned_pool - DEBUG -     Loss: 0.0025 | R@10: 0.826 | R@20: 0.901 | μR@10: 0.475 | P@10: 0.147 | NDCG@20: 0.436 | PosBrier: 0.7090
2026-03-11 07:24:28 - exp2b_flash_learned_pool - DEBUG -     Loss: 0.0025 | R@10: 0.844 | R@20: 0.917 | μR@10: 0.490 | P@10: 0.167 | NDCG@20: 0.433 | PosBrier: 0.7141
2026-03-11 07:26:41 - exp2b_flash_learned_pool - DEBUG -     Loss: 0.0023 | R@10: 0.802 | R@20: 0.888 | μR@10: 0.482 | P@10: 0.137 | NDCG@20: 0.415 | PosBrier: 0.7196
2026-03-11 07:28:54 - exp2b_flash_learned_pool - DEBUG -     Loss: 0.0025 | R@10: 0.834 | R@20: 0.903 | μR@10: 0.495 | P@10: 0.160 | NDCG@20: 0.440 | PosBrier: 0.6873
2026-03-11 07:31:09 - exp2b_flash_learned_pool - DEBUG -     Loss: 0.0024 | R@10: 0.846 | R@20: 0.921 | μR@10: 0.494 | P@10: 0.151 | NDCG@20: 0.441 | PosBrier: 0.7164
2026-03-11 07:33:20 - exp2b_flash_learned_pool - DEBUG -     Loss: 0.0024 | R@10: 0.831 | R@20: 0.893 | μR@10: 0.498 | P@10: 0.162 | NDCG@20: 0.431 | PosBrier: 0.6842
2026-03-11 07:35:35 - exp2b_flash_learned_pool - DEBUG -     Loss: 0.0024 | R@10: 0.825 | R@20: 0.889 | μR@10: 0.484 | P@10: 0.151 | NDCG@20: 0.420 | PosBrier: 0.7197
2026-03-11 07:37:52 - exp2b_flash_learned_pool - DEBUG -     Loss: 0.0024 | R@10: 0.811 | R@20: 0.891 | μR@10: 0.488 | P@10: 0.152 | NDCG@20: 0.430 | PosBrier: 0.7220
2026-03-11 07:40:11 - exp2b_flash_learned_pool - DEBUG -     Loss: 0.0023 | R@10: 0.801 | R@20: 0.891 | μR@10: 0.510 | P@10: 0.150 | NDCG@20: 0.412 | PosBrier: 0.7358
2026-03-11 07:42:30 - exp2b_flash_learned_pool - DEBUG -     Loss: 0.0020 | R@10: 0.809 | R@20: 0.904 | μR@10: 0.542 | P@10: 0.146 | NDCG@20: 0.420 | PosBrier: 0.7046
2026-03-11 07:44:40 - exp2b_flash_learned_pool - DEBUG -     Loss: 0.0024 | R@10: 0.832 | R@20: 0.893 | μR@10: 0.510 | P@10: 0.160 | NDCG@20: 0.448 | PosBrier: 0.6885
2026-03-11 07:46:51 - exp2b_flash_learned_pool - DEBUG -     Loss: 0.0026 | R@10: 0.831 | R@20: 0.900 | μR@10: 0.451 | P@10: 0.150 | NDCG@20: 0.430 | PosBrier: 0.7435
2026-03-11 07:49:02 - exp2b_flash_learned_pool - DEBUG -     Loss: 0.0024 | R@10: 0.840 | R@20: 0.901 | μR@10: 0.500 | P@10: 0.149 | NDCG@20: 0.437 | PosBrier: 0.7160
2026-03-11 07:51:11 - exp2b_flash_learned_pool - DEBUG -     Loss: 0.0025 | R@10: 0.843 | R@20: 0.919 | μR@10: 0.491 | P@10: 0.153 | NDCG@20: 0.439 | PosBrier: 0.6907
2026-03-11 07:53:28 - exp2b_flash_learned_pool - DEBUG -     Loss: 0.0024 | R@10: 0.851 | R@20: 0.911 | μR@10: 0.492 | P@10: 0.157 | NDCG@20: 0.448 | PosBrier: 0.6982
2026-03-11 07:55:47 - exp2b_flash_learned_pool - DEBUG -     Loss: 0.0021 | R@10: 0.816 | R@20: 0.906 | μR@10: 0.539 | P@10: 0.151 | NDCG@20: 0.422 | PosBrier: 0.7156
2026-03-11 07:57:58 - exp2b_flash_learned_pool - DEBUG -     Loss: 0.0022 | R@10: 0.835 | R@20: 0.904 | μR@10: 0.526 | P@10: 0.151 | NDCG@20: 0.442 | PosBrier: 0.6881
2026-03-11 08:00:12 - exp2b_flash_learned_pool - DEBUG -     Loss: 0.0024 | R@10: 0.795 | R@20: 0.880 | μR@10: 0.458 | P@10: 0.142 | NDCG@20: 0.417 | PosBrier: 0.7310
2026-03-11 08:02:24 - exp2b_flash_learned_pool - DEBUG -     Loss: 0.0022 | R@10: 0.844 | R@20: 0.907 | μR@10: 0.521 | P@10: 0.155 | NDCG@20: 0.457 | PosBrier: 0.6748
2026-03-11 08:04:42 - exp2b_flash_learned_pool - DEBUG -     Loss: 0.0020 | R@10: 0.836 | R@20: 0.911 | μR@10: 0.538 | P@10: 0.133 | NDCG@20: 0.425 | PosBrier: 0.7497
2026-03-11 08:06:52 - exp2b_flash_learned_pool - DEBUG -     Loss: 0.0025 | R@10: 0.816 | R@20: 0.881 | μR@10: 0.483 | P@10: 0.157 | NDCG@20: 0.429 | PosBrier: 0.7034
2026-03-11 08:09:05 - exp2b_flash_learned_pool - DEBUG -     Loss: 0.0024 | R@10: 0.849 | R@20: 0.920 | μR@10: 0.486 | P@10: 0.151 | NDCG@20: 0.442 | PosBrier: 0.7133
2026-03-11 08:11:27 - exp2b_flash_learned_pool - DEBUG -     Loss: 0.0021 | R@10: 0.803 | R@20: 0.901 | μR@10: 0.537 | P@10: 0.149 | NDCG@20: 0.414 | PosBrier: 0.7081
2026-03-11 08:13:38 - exp2b_flash_learned_pool - DEBUG -     Loss: 0.0025 | R@10: 0.828 | R@20: 0.904 | μR@10: 0.494 | P@10: 0.164 | NDCG@20: 0.440 | PosBrier: 0.6940
2026-03-11 08:15:54 - exp2b_flash_learned_pool - DEBUG -     Loss: 0.0026 | R@10: 0.840 | R@20: 0.901 | μR@10: 0.488 | P@10: 0.169 | NDCG@20: 0.430 | PosBrier: 0.7010
2026-03-11 08:18:04 - exp2b_flash_learned_pool - DEBUG -     Loss: 0.0025 | R@10: 0.839 | R@20: 0.905 | μR@10: 0.493 | P@10: 0.161 | NDCG@20: 0.443 | PosBrier: 0.7024
2026-03-11 08:20:16 - exp2b_flash_learned_pool - DEBUG -     Loss: 0.0023 | R@10: 0.858 | R@20: 0.918 | μR@10: 0.539 | P@10: 0.169 | NDCG@20: 0.457 | PosBrier: 0.6590
2026-03-11 08:22:27 - exp2b_flash_learned_pool - DEBUG -     Loss: 0.0020 | R@10: 0.846 | R@20: 0.910 | μR@10: 0.545 | P@10: 0.151 | NDCG@20: 0.458 | PosBrier: 0.6699
2026-03-11 08:24:37 - exp2b_flash_learned_pool - DEBUG -     Loss: 0.0028 | R@10: 0.835 | R@20: 0.910 | μR@10: 0.472 | P@10: 0.201 | NDCG@20: 0.451 | PosBrier: 0.6455
2026-03-11 08:26:47 - exp2b_flash_learned_pool - DEBUG -     Loss: 0.0026 | R@10: 0.840 | R@20: 0.912 | μR@10: 0.498 | P@10: 0.179 | NDCG@20: 0.443 | PosBrier: 0.6888
2026-03-11 08:29:02 - exp2b_flash_learned_pool - DEBUG -     Loss: 0.0026 | R@10: 0.831 | R@20: 0.905 | μR@10: 0.457 | P@10: 0.151 | NDCG@20: 0.419 | PosBrier: 0.7376
2026-03-11 08:31:15 - exp2b_flash_learned_pool - DEBUG -     Loss: 0.0023 | R@10: 0.826 | R@20: 0.904 | μR@10: 0.489 | P@10: 0.143 | NDCG@20: 0.427 | PosBrier: 0.7075
2026-03-11 08:33:28 - exp2b_flash_learned_pool - DEBUG -     Loss: 0.0024 | R@10: 0.837 | R@20: 0.906 | μR@10: 0.513 | P@10: 0.163 | NDCG@20: 0.442 | PosBrier: 0.6732
2026-03-11 08:35:45 - exp2b_flash_learned_pool - DEBUG -     Loss: 0.0021 | R@10: 0.830 | R@20: 0.907 | μR@10: 0.542 | P@10: 0.156 | NDCG@20: 0.450 | PosBrier: 0.6755
2026-03-11 08:37:58 - exp2b_flash_learned_pool - DEBUG -     Loss: 0.0021 | R@10: 0.847 | R@20: 0.921 | μR@10: 0.542 | P@10: 0.157 | NDCG@20: 0.447 | PosBrier: 0.7014
2026-03-11 08:40:09 - exp2b_flash_learned_pool - DEBUG -     Loss: 0.0023 | R@10: 0.835 | R@20: 0.902 | μR@10: 0.515 | P@10: 0.157 | NDCG@20: 0.445 | PosBrier: 0.6775
2026-03-11 08:42:20 - exp2b_flash_learned_pool - DEBUG -     Loss: 0.0022 | R@10: 0.838 | R@20: 0.915 | μR@10: 0.522 | P@10: 0.154 | NDCG@20: 0.445 | PosBrier: 0.6963
2026-03-11 08:44:32 - exp2b_flash_learned_pool - DEBUG -     Loss: 0.0025 | R@10: 0.840 | R@20: 0.912 | μR@10: 0.476 | P@10: 0.158 | NDCG@20: 0.451 | PosBrier: 0.6901
2026-03-11 08:46:47 - exp2b_flash_learned_pool - DEBUG -     Loss: 0.0025 | R@10: 0.828 | R@20: 0.903 | μR@10: 0.485 | P@10: 0.164 | NDCG@20: 0.445 | PosBrier: 0.6915
2026-03-11 08:48:58 - exp2b_flash_learned_pool - DEBUG -     Loss: 0.0020 | R@10: 0.849 | R@20: 0.911 | μR@10: 0.553 | P@10: 0.151 | NDCG@20: 0.456 | PosBrier: 0.6693
2026-03-11 08:51:10 - exp2b_flash_learned_pool - DEBUG -     Loss: 0.0020 | R@10: 0.841 | R@20: 0.905 | μR@10: 0.527 | P@10: 0.139 | NDCG@20: 0.442 | PosBrier: 0.6926
2026-03-11 08:53:29 - exp2b_flash_learned_pool - DEBUG -     Loss: 0.0020 | R@10: 0.841 | R@20: 0.922 | μR@10: 0.562 | P@10: 0.144 | NDCG@20: 0.449 | PosBrier: 0.7094
2026-03-11 08:55:45 - exp2b_flash_learned_pool - DEBUG -     Loss: 0.0020 | R@10: 0.832 | R@20: 0.914 | μR@10: 0.552 | P@10: 0.145 | NDCG@20: 0.434 | PosBrier: 0.7057
2026-03-11 08:57:50 - exp2b_flash_learned_pool - DEBUG -     Loss: 0.0022 | R@10: 0.829 | R@20: 0.901 | μR@10: 0.520 | P@10: 0.152 | NDCG@20: 0.444 | PosBrier: 0.6955
2026-03-11 09:00:06 - exp2b_flash_learned_pool - DEBUG -     Loss: 0.0027 | R@10: 0.832 | R@20: 0.909 | μR@10: 0.466 | P@10: 0.170 | NDCG@20: 0.426 | PosBrier: 0.7172
2026-03-11 09:02:22 - exp2b_flash_learned_pool - DEBUG -     Loss: 0.0020 | R@10: 0.825 | R@20: 0.912 | μR@10: 0.557 | P@10: 0.146 | NDCG@20: 0.435 | PosBrier: 0.6965
2026-03-11 09:04:31 - exp2b_flash_learned_pool - DEBUG -     Loss: 0.0019 | R@10: 0.833 | R@20: 0.905 | μR@10: 0.540 | P@10: 0.130 | NDCG@20: 0.441 | PosBrier: 0.7173
2026-03-11 09:06:40 - exp2b_flash_learned_pool - DEBUG -     Loss: 0.0023 | R@10: 0.855 | R@20: 0.905 | μR@10: 0.523 | P@10: 0.167 | NDCG@20: 0.448 | PosBrier: 0.6833
2026-03-11 09:08:59 - exp2b_flash_learned_pool - DEBUG -     Loss: 0.0021 | R@10: 0.840 | R@20: 0.916 | μR@10: 0.537 | P@10: 0.144 | NDCG@20: 0.443 | PosBrier: 0.7117
2026-03-11 09:11:14 - exp2b_flash_learned_pool - DEBUG -     Loss: 0.0023 | R@10: 0.818 | R@20: 0.897 | μR@10: 0.478 | P@10: 0.143 | NDCG@20: 0.427 | PosBrier: 0.7330
2026-03-11 09:13:27 - exp2b_flash_learned_pool - DEBUG -     Loss: 0.0019 | R@10: 0.842 | R@20: 0.918 | μR@10: 0.587 | P@10: 0.144 | NDCG@20: 0.446 | PosBrier: 0.7000
2026-03-11 09:15:37 - exp2b_flash_learned_pool - DEBUG -     Loss: 0.0023 | R@10: 0.848 | R@20: 0.916 | μR@10: 0.513 | P@10: 0.157 | NDCG@20: 0.448 | PosBrier: 0.6866
2026-03-11 09:17:47 - exp2b_flash_learned_pool - DEBUG -     Loss: 0.0023 | R@10: 0.831 | R@20: 0.908 | μR@10: 0.486 | P@10: 0.148 | NDCG@20: 0.435 | PosBrier: 0.6909
2026-03-11 09:20:01 - exp2b_flash_learned_pool - DEBUG -     Loss: 0.0025 | R@10: 0.850 | R@20: 0.916 | μR@10: 0.494 | P@10: 0.163 | NDCG@20: 0.440 | PosBrier: 0.6969
2026-03-11 09:22:14 - exp2b_flash_learned_pool - DEBUG -     Loss: 0.0024 | R@10: 0.851 | R@20: 0.919 | μR@10: 0.493 | P@10: 0.157 | NDCG@20: 0.439 | PosBrier: 0.7032
2026-03-11 09:24:27 - exp2b_flash_learned_pool - DEBUG -     Loss: 0.0024 | R@10: 0.849 | R@20: 0.908 | μR@10: 0.507 | P@10: 0.163 | NDCG@20: 0.447 | PosBrier: 0.6773
2026-03-11 09:26:40 - exp2b_flash_learned_pool - DEBUG -     Loss: 0.0024 | R@10: 0.821 | R@20: 0.903 | μR@10: 0.495 | P@10: 0.153 | NDCG@20: 0.434 | PosBrier: 0.7222
2026-03-11 09:28:51 - exp2b_flash_learned_pool - DEBUG -     Loss: 0.0025 | R@10: 0.833 | R@20: 0.908 | μR@10: 0.497 | P@10: 0.162 | NDCG@20: 0.438 | PosBrier: 0.6698
2026-03-11 09:31:02 - exp2b_flash_learned_pool - DEBUG -     Loss: 0.0023 | R@10: 0.846 | R@20: 0.914 | μR@10: 0.530 | P@10: 0.169 | NDCG@20: 0.447 | PosBrier: 0.6786
2026-03-11 09:33:18 - exp2b_flash_learned_pool - DEBUG -     Loss: 0.0018 | R@10: 0.837 | R@20: 0.914 | μR@10: 0.584 | P@10: 0.137 | NDCG@20: 0.447 | PosBrier: 0.7026
2026-03-11 09:35:31 - exp2b_flash_learned_pool - DEBUG -     Loss: 0.0022 | R@10: 0.813 | R@20: 0.893 | μR@10: 0.507 | P@10: 0.143 | NDCG@20: 0.439 | PosBrier: 0.7004
2026-03-11 09:37:45 - exp2b_flash_learned_pool - DEBUG -     Loss: 0.0022 | R@10: 0.842 | R@20: 0.907 | μR@10: 0.521 | P@10: 0.154 | NDCG@20: 0.453 | PosBrier: 0.6916
2026-03-11 09:39:57 - exp2b_flash_learned_pool - DEBUG -     Loss: 0.0022 | R@10: 0.844 | R@20: 0.903 | μR@10: 0.538 | P@10: 0.158 | NDCG@20: 0.448 | PosBrier: 0.6723
2026-03-11 09:42:11 - exp2b_flash_learned_pool - DEBUG -     Loss: 0.0021 | R@10: 0.871 | R@20: 0.924 | μR@10: 0.560 | P@10: 0.163 | NDCG@20: 0.471 | PosBrier: 0.6557
2026-03-11 09:44:27 - exp2b_flash_learned_pool - DEBUG -     Loss: 0.0025 | R@10: 0.853 | R@20: 0.924 | μR@10: 0.501 | P@10: 0.162 | NDCG@20: 0.451 | PosBrier: 0.7059
2026-03-11 09:46:37 - exp2b_flash_learned_pool - DEBUG -     Loss: 0.0023 | R@10: 0.828 | R@20: 0.900 | μR@10: 0.513 | P@10: 0.162 | NDCG@20: 0.437 | PosBrier: 0.6865
2026-03-11 09:48:47 - exp2b_flash_learned_pool - DEBUG -     Loss: 0.0024 | R@10: 0.837 | R@20: 0.909 | μR@10: 0.490 | P@10: 0.160 | NDCG@20: 0.443 | PosBrier: 0.6858
2026-03-11 09:50:58 - exp2b_flash_learned_pool - DEBUG -     Loss: 0.0022 | R@10: 0.843 | R@20: 0.909 | μR@10: 0.504 | P@10: 0.148 | NDCG@20: 0.451 | PosBrier: 0.6893
2026-03-11 09:53:34 - exp2b_flash_learned_pool - DEBUG -     Loss: 0.0022 | R@10: 0.802 | R@20: 0.907 | μR@10: 0.524 | P@10: 0.155 | NDCG@20: 0.409 | PosBrier: 0.7094
2026-03-11 09:55:45 - exp2b_flash_learned_pool - DEBUG -     Loss: 0.0022 | R@10: 0.842 | R@20: 0.905 | μR@10: 0.530 | P@10: 0.156 | NDCG@20: 0.442 | PosBrier: 0.6866
2026-03-11 09:57:56 - exp2b_flash_learned_pool - DEBUG -     Loss: 0.0023 | R@10: 0.833 | R@20: 0.912 | μR@10: 0.496 | P@10: 0.150 | NDCG@20: 0.438 | PosBrier: 0.6798
2026-03-11 10:00:04 - exp2b_flash_learned_pool - DEBUG -     Loss: 0.0023 | R@10: 0.840 | R@20: 0.902 | μR@10: 0.503 | P@10: 0.153 | NDCG@20: 0.445 | PosBrier: 0.6788
2026-03-11 10:02:18 - exp2b_flash_learned_pool - DEBUG -     Loss: 0.0022 | R@10: 0.854 | R@20: 0.922 | μR@10: 0.551 | P@10: 0.175 | NDCG@20: 0.461 | PosBrier: 0.6330
2026-03-11 10:04:29 - exp2b_flash_learned_pool - DEBUG -     Loss: 0.0024 | R@10: 0.831 | R@20: 0.916 | μR@10: 0.493 | P@10: 0.159 | NDCG@20: 0.439 | PosBrier: 0.7076
2026-03-11 10:06:43 - exp2b_flash_learned_pool - DEBUG -     Loss: 0.0026 | R@10: 0.834 | R@20: 0.913 | μR@10: 0.482 | P@10: 0.158 | NDCG@20: 0.440 | PosBrier: 0.6897
2026-03-11 10:08:57 - exp2b_flash_learned_pool - DEBUG -     Loss: 0.0021 | R@10: 0.859 | R@20: 0.926 | μR@10: 0.565 | P@10: 0.166 | NDCG@20: 0.467 | PosBrier: 0.6203
2026-03-11 10:11:12 - exp2b_flash_learned_pool - DEBUG -     Loss: 0.0023 | R@10: 0.865 | R@20: 0.916 | μR@10: 0.548 | P@10: 0.175 | NDCG@20: 0.471 | PosBrier: 0.6529
2026-03-11 10:13:27 - exp2b_flash_learned_pool - DEBUG -     Loss: 0.0022 | R@10: 0.832 | R@20: 0.906 | μR@10: 0.510 | P@10: 0.143 | NDCG@20: 0.439 | PosBrier: 0.7094
2026-03-11 10:15:41 - exp2b_flash_learned_pool - DEBUG -     Loss: 0.0022 | R@10: 0.874 | R@20: 0.932 | μR@10: 0.523 | P@10: 0.163 | NDCG@20: 0.471 | PosBrier: 0.6696
2026-03-11 10:17:53 - exp2b_flash_learned_pool - DEBUG -     Loss: 0.0025 | R@10: 0.826 | R@20: 0.902 | μR@10: 0.485 | P@10: 0.163 | NDCG@20: 0.435 | PosBrier: 0.6890
2026-03-11 10:20:04 - exp2b_flash_learned_pool - DEBUG -     Loss: 0.0025 | R@10: 0.841 | R@20: 0.902 | μR@10: 0.482 | P@10: 0.171 | NDCG@20: 0.439 | PosBrier: 0.6785
2026-03-11 10:22:15 - exp2b_flash_learned_pool - DEBUG -     Loss: 0.0023 | R@10: 0.828 | R@20: 0.907 | μR@10: 0.507 | P@10: 0.158 | NDCG@20: 0.436 | PosBrier: 0.6974
2026-03-11 10:24:29 - exp2b_flash_learned_pool - DEBUG -     Loss: 0.0025 | R@10: 0.821 | R@20: 0.903 | μR@10: 0.492 | P@10: 0.159 | NDCG@20: 0.441 | PosBrier: 0.6987
2026-03-11 10:26:44 - exp2b_flash_learned_pool - DEBUG -     Loss: 0.0024 | R@10: 0.828 | R@20: 0.910 | μR@10: 0.492 | P@10: 0.151 | NDCG@20: 0.435 | PosBrier: 0.7125
2026-03-11 10:28:58 - exp2b_flash_learned_pool - DEBUG -     Loss: 0.0020 | R@10: 0.847 | R@20: 0.913 | μR@10: 0.564 | P@10: 0.156 | NDCG@20: 0.459 | PosBrier: 0.6390
2026-03-11 10:31:10 - exp2b_flash_learned_pool - DEBUG -     Loss: 0.0024 | R@10: 0.838 | R@20: 0.903 | μR@10: 0.493 | P@10: 0.147 | NDCG@20: 0.439 | PosBrier: 0.7110
2026-03-11 10:33:26 - exp2b_flash_learned_pool - DEBUG -     Loss: 0.0021 | R@10: 0.822 | R@20: 0.905 | μR@10: 0.544 | P@10: 0.150 | NDCG@20: 0.435 | PosBrier: 0.6924
2026-03-11 10:35:46 - exp2b_flash_learned_pool - DEBUG -     Loss: 0.0025 | R@10: 0.836 | R@20: 0.897 | μR@10: 0.490 | P@10: 0.165 | NDCG@20: 0.444 | PosBrier: 0.6971
2026-03-11 10:37:58 - exp2b_flash_learned_pool - DEBUG -     Loss: 0.0025 | R@10: 0.843 | R@20: 0.911 | μR@10: 0.494 | P@10: 0.172 | NDCG@20: 0.448 | PosBrier: 0.6745
2026-03-11 10:40:16 - exp2b_flash_learned_pool - DEBUG -     Loss: 0.0021 | R@10: 0.834 | R@20: 0.913 | μR@10: 0.547 | P@10: 0.148 | NDCG@20: 0.440 | PosBrier: 0.7047
2026-03-11 10:42:30 - exp2b_flash_learned_pool - DEBUG -     Loss: 0.0023 | R@10: 0.802 | R@20: 0.885 | μR@10: 0.493 | P@10: 0.138 | NDCG@20: 0.416 | PosBrier: 0.7159
2026-03-11 10:44:40 - exp2b_flash_learned_pool - DEBUG -     Loss: 0.0026 | R@10: 0.853 | R@20: 0.906 | μR@10: 0.520 | P@10: 0.181 | NDCG@20: 0.457 | PosBrier: 0.6600
2026-03-11 10:46:47 - exp2b_flash_learned_pool - DEBUG -     Loss: 0.0024 | R@10: 0.830 | R@20: 0.898 | μR@10: 0.485 | P@10: 0.149 | NDCG@20: 0.439 | PosBrier: 0.7060
2026-03-11 10:48:54 - exp2b_flash_learned_pool - DEBUG -     Loss: 0.0025 | R@10: 0.857 | R@20: 0.922 | μR@10: 0.486 | P@10: 0.157 | NDCG@20: 0.451 | PosBrier: 0.7024
2026-03-11 10:51:13 - exp2b_flash_learned_pool - DEBUG -     Loss: 0.0024 | R@10: 0.813 | R@20: 0.903 | μR@10: 0.498 | P@10: 0.151 | NDCG@20: 0.435 | PosBrier: 0.7015
2026-03-11 10:53:25 - exp2b_flash_learned_pool - DEBUG -     Loss: 0.0022 | R@10: 0.834 | R@20: 0.915 | μR@10: 0.508 | P@10: 0.150 | NDCG@20: 0.455 | PosBrier: 0.6844
2026-03-11 10:55:39 - exp2b_flash_learned_pool - DEBUG -     Loss: 0.0020 | R@10: 0.827 | R@20: 0.910 | μR@10: 0.574 | P@10: 0.165 | NDCG@20: 0.435 | PosBrier: 0.6546
2026-03-11 10:57:51 - exp2b_flash_learned_pool - DEBUG -     Loss: 0.0027 | R@10: 0.815 | R@20: 0.899 | μR@10: 0.468 | P@10: 0.176 | NDCG@20: 0.427 | PosBrier: 0.6765
2026-03-11 11:00:12 - exp2b_flash_learned_pool - DEBUG -     Loss: 0.0021 | R@10: 0.828 | R@20: 0.911 | μR@10: 0.539 | P@10: 0.160 | NDCG@20: 0.437 | PosBrier: 0.6822
2026-03-11 11:02:27 - exp2b_flash_learned_pool - DEBUG -     Loss: 0.0021 | R@10: 0.840 | R@20: 0.917 | μR@10: 0.552 | P@10: 0.150 | NDCG@20: 0.456 | PosBrier: 0.6638
2026-03-11 11:04:42 - exp2b_flash_learned_pool - DEBUG -     Loss: 0.0021 | R@10: 0.839 | R@20: 0.910 | μR@10: 0.537 | P@10: 0.153 | NDCG@20: 0.445 | PosBrier: 0.7040
2026-03-11 11:06:55 - exp2b_flash_learned_pool - DEBUG -     Loss: 0.0023 | R@10: 0.851 | R@20: 0.916 | μR@10: 0.513 | P@10: 0.153 | NDCG@20: 0.453 | PosBrier: 0.6778
2026-03-11 11:09:12 - exp2b_flash_learned_pool - DEBUG -     Loss: 0.0025 | R@10: 0.831 | R@20: 0.898 | μR@10: 0.491 | P@10: 0.156 | NDCG@20: 0.441 | PosBrier: 0.7058
2026-03-11 11:11:24 - exp2b_flash_learned_pool - DEBUG -     Loss: 0.0021 | R@10: 0.859 | R@20: 0.917 | μR@10: 0.532 | P@10: 0.149 | NDCG@20: 0.455 | PosBrier: 0.6820
2026-03-11 11:13:35 - exp2b_flash_learned_pool - DEBUG -     Loss: 0.0021 | R@10: 0.856 | R@20: 0.914 | μR@10: 0.577 | P@10: 0.173 | NDCG@20: 0.471 | PosBrier: 0.6224
2026-03-11 11:15:48 - exp2b_flash_learned_pool - DEBUG -     Loss: 0.0023 | R@10: 0.866 | R@20: 0.924 | μR@10: 0.532 | P@10: 0.183 | NDCG@20: 0.471 | PosBrier: 0.6526
2026-03-11 11:18:04 - exp2b_flash_learned_pool - DEBUG -     Loss: 0.0022 | R@10: 0.851 | R@20: 0.917 | μR@10: 0.510 | P@10: 0.146 | NDCG@20: 0.447 | PosBrier: 0.6935
2026-03-11 11:20:15 - exp2b_flash_learned_pool - DEBUG -     Loss: 0.0022 | R@10: 0.849 | R@20: 0.915 | μR@10: 0.530 | P@10: 0.165 | NDCG@20: 0.462 | PosBrier: 0.6561
2026-03-11 11:22:27 - exp2b_flash_learned_pool - DEBUG -     Loss: 0.0025 | R@10: 0.842 | R@20: 0.917 | μR@10: 0.484 | P@10: 0.162 | NDCG@20: 0.448 | PosBrier: 0.6824
2026-03-11 11:24:39 - exp2b_flash_learned_pool - DEBUG -     Loss: 0.0021 | R@10: 0.831 | R@20: 0.911 | μR@10: 0.539 | P@10: 0.155 | NDCG@20: 0.448 | PosBrier: 0.6551
2026-03-11 11:26:49 - exp2b_flash_learned_pool - DEBUG -     Loss: 0.0024 | R@10: 0.850 | R@20: 0.917 | μR@10: 0.500 | P@10: 0.168 | NDCG@20: 0.454 | PosBrier: 0.6702
2026-03-11 11:29:01 - exp2b_flash_learned_pool - DEBUG -     Loss: 0.0024 | R@10: 0.842 | R@20: 0.906 | μR@10: 0.501 | P@10: 0.167 | NDCG@20: 0.447 | PosBrier: 0.6842
2026-03-11 11:31:13 - exp2b_flash_learned_pool - DEBUG -     Loss: 0.0025 | R@10: 0.840 | R@20: 0.907 | μR@10: 0.502 | P@10: 0.174 | NDCG@20: 0.446 | PosBrier: 0.6841
2026-03-11 11:33:24 - exp2b_flash_learned_pool - DEBUG -     Loss: 0.0024 | R@10: 0.851 | R@20: 0.927 | μR@10: 0.512 | P@10: 0.176 | NDCG@20: 0.460 | PosBrier: 0.6631
2026-03-11 11:35:40 - exp2b_flash_learned_pool - DEBUG -     Loss: 0.0027 | R@10: 0.853 | R@20: 0.912 | μR@10: 0.478 | P@10: 0.184 | NDCG@20: 0.440 | PosBrier: 0.7033
2026-03-11 11:37:51 - exp2b_flash_learned_pool - DEBUG -     Loss: 0.0023 | R@10: 0.846 | R@20: 0.908 | μR@10: 0.512 | P@10: 0.160 | NDCG@20: 0.453 | PosBrier: 0.6789
2026-03-11 11:40:05 - exp2b_flash_learned_pool - DEBUG -     Loss: 0.0025 | R@10: 0.837 | R@20: 0.908 | μR@10: 0.476 | P@10: 0.159 | NDCG@20: 0.437 | PosBrier: 0.7086
2026-03-11 11:42:19 - exp2b_flash_learned_pool - DEBUG -     Loss: 0.0021 | R@10: 0.829 | R@20: 0.910 | μR@10: 0.539 | P@10: 0.152 | NDCG@20: 0.452 | PosBrier: 0.6640
2026-03-11 11:44:30 - exp2b_flash_learned_pool - DEBUG -     Loss: 0.0022 | R@10: 0.864 | R@20: 0.919 | μR@10: 0.552 | P@10: 0.170 | NDCG@20: 0.468 | PosBrier: 0.6411
2026-03-11 11:46:36 - exp2b_flash_learned_pool - DEBUG -     Loss: 0.0022 | R@10: 0.864 | R@20: 0.921 | μR@10: 0.526 | P@10: 0.160 | NDCG@20: 0.463 | PosBrier: 0.6734
2026-03-11 11:48:48 - exp2b_flash_learned_pool - DEBUG -     Loss: 0.0022 | R@10: 0.858 | R@20: 0.914 | μR@10: 0.509 | P@10: 0.152 | NDCG@20: 0.452 | PosBrier: 0.6901
2026-03-11 11:51:01 - exp2b_flash_learned_pool - DEBUG -     Loss: 0.0021 | R@10: 0.819 | R@20: 0.907 | μR@10: 0.549 | P@10: 0.146 | NDCG@20: 0.436 | PosBrier: 0.7193
2026-03-11 11:53:16 - exp2b_flash_learned_pool - DEBUG -     Loss: 0.0021 | R@10: 0.851 | R@20: 0.908 | μR@10: 0.543 | P@10: 0.148 | NDCG@20: 0.456 | PosBrier: 0.6643
2026-03-11 11:55:44 - exp2b_flash_learned_pool - DEBUG -     Loss: 0.0023 | R@10: 0.848 | R@20: 0.922 | μR@10: 0.537 | P@10: 0.161 | NDCG@20: 0.465 | PosBrier: 0.6742
2026-03-11 11:58:02 - exp2b_flash_learned_pool - DEBUG -     Loss: 0.0024 | R@10: 0.839 | R@20: 0.907 | μR@10: 0.509 | P@10: 0.171 | NDCG@20: 0.457 | PosBrier: 0.6713
2026-03-11 12:00:18 - exp2b_flash_learned_pool - DEBUG -     Loss: 0.0019 | R@10: 0.834 | R@20: 0.913 | μR@10: 0.562 | P@10: 0.139 | NDCG@20: 0.439 | PosBrier: 0.7112
2026-03-11 12:02:25 - exp2b_flash_learned_pool - DEBUG -     Loss: 0.0024 | R@10: 0.837 | R@20: 0.902 | μR@10: 0.504 | P@10: 0.165 | NDCG@20: 0.442 | PosBrier: 0.6758
2026-03-11 12:04:33 - exp2b_flash_learned_pool - DEBUG -     Loss: 0.0023 | R@10: 0.812 | R@20: 0.892 | μR@10: 0.511 | P@10: 0.144 | NDCG@20: 0.433 | PosBrier: 0.7054
2026-03-11 12:06:46 - exp2b_flash_learned_pool - DEBUG -     Loss: 0.0023 | R@10: 0.839 | R@20: 0.900 | μR@10: 0.503 | P@10: 0.150 | NDCG@20: 0.439 | PosBrier: 0.6980
2026-03-11 12:09:03 - exp2b_flash_learned_pool - DEBUG -     Loss: 0.0022 | R@10: 0.853 | R@20: 0.915 | μR@10: 0.541 | P@10: 0.159 | NDCG@20: 0.458 | PosBrier: 0.6664
2026-03-11 12:11:15 - exp2b_flash_learned_pool - DEBUG -     Loss: 0.0023 | R@10: 0.847 | R@20: 0.915 | μR@10: 0.523 | P@10: 0.173 | NDCG@20: 0.449 | PosBrier: 0.6742
2026-03-11 12:13:29 - exp2b_flash_learned_pool - DEBUG -     Loss: 0.0023 | R@10: 0.842 | R@20: 0.911 | μR@10: 0.513 | P@10: 0.163 | NDCG@20: 0.441 | PosBrier: 0.6699
2026-03-11 12:15:46 - exp2b_flash_learned_pool - DEBUG -     Loss: 0.0024 | R@10: 0.828 | R@20: 0.895 | μR@10: 0.501 | P@10: 0.161 | NDCG@20: 0.442 | PosBrier: 0.7013
2026-03-11 12:18:02 - exp2b_flash_learned_pool - DEBUG -     Loss: 0.0023 | R@10: 0.840 | R@20: 0.908 | μR@10: 0.515 | P@10: 0.152 | NDCG@20: 0.446 | PosBrier: 0.6884
2026-03-11 12:20:16 - exp2b_flash_learned_pool - DEBUG -     Loss: 0.0019 | R@10: 0.836 | R@20: 0.916 | μR@10: 0.573 | P@10: 0.140 | NDCG@20: 0.446 | PosBrier: 0.7059
2026-03-11 12:22:31 - exp2b_flash_learned_pool - DEBUG -     Loss: 0.0018 | R@10: 0.859 | R@20: 0.917 | μR@10: 0.585 | P@10: 0.145 | NDCG@20: 0.481 | PosBrier: 0.6244
2026-03-11 12:24:41 - exp2b_flash_learned_pool - DEBUG -     Loss: 0.0023 | R@10: 0.838 | R@20: 0.901 | μR@10: 0.499 | P@10: 0.154 | NDCG@20: 0.439 | PosBrier: 0.6812
2026-03-11 12:26:52 - exp2b_flash_learned_pool - DEBUG -     Loss: 0.0023 | R@10: 0.855 | R@20: 0.916 | μR@10: 0.508 | P@10: 0.150 | NDCG@20: 0.457 | PosBrier: 0.6994
2026-03-11 12:29:02 - exp2b_flash_learned_pool - DEBUG -     Loss: 0.0021 | R@10: 0.858 | R@20: 0.926 | μR@10: 0.541 | P@10: 0.159 | NDCG@20: 0.473 | PosBrier: 0.6588
2026-03-11 12:31:18 - exp2b_flash_learned_pool - DEBUG -     Loss: 0.0022 | R@10: 0.834 | R@20: 0.899 | μR@10: 0.518 | P@10: 0.156 | NDCG@20: 0.444 | PosBrier: 0.6626
2026-03-11 12:33:34 - exp2b_flash_learned_pool - DEBUG -     Loss: 0.0025 | R@10: 0.871 | R@20: 0.930 | μR@10: 0.521 | P@10: 0.184 | NDCG@20: 0.472 | PosBrier: 0.6607
2026-03-11 12:35:52 - exp2b_flash_learned_pool - DEBUG -     Loss: 0.0023 | R@10: 0.863 | R@20: 0.911 | μR@10: 0.533 | P@10: 0.166 | NDCG@20: 0.475 | PosBrier: 0.6790
2026-03-11 12:38:05 - exp2b_flash_learned_pool - DEBUG -     Loss: 0.0021 | R@10: 0.851 | R@20: 0.914 | μR@10: 0.557 | P@10: 0.150 | NDCG@20: 0.457 | PosBrier: 0.6581
2026-03-11 12:40:16 - exp2b_flash_learned_pool - DEBUG -     Loss: 0.0028 | R@10: 0.844 | R@20: 0.910 | μR@10: 0.479 | P@10: 0.183 | NDCG@20: 0.446 | PosBrier: 0.6875
2026-03-11 12:42:36 - exp2b_flash_learned_pool - DEBUG -     Loss: 0.0023 | R@10: 0.842 | R@20: 0.914 | μR@10: 0.530 | P@10: 0.171 | NDCG@20: 0.463 | PosBrier: 0.6409
2026-03-11 12:44:50 - exp2b_flash_learned_pool - DEBUG -     Loss: 0.0025 | R@10: 0.838 | R@20: 0.919 | μR@10: 0.511 | P@10: 0.179 | NDCG@20: 0.451 | PosBrier: 0.6596
2026-03-11 12:47:04 - exp2b_flash_learned_pool - DEBUG -     Loss: 0.0024 | R@10: 0.842 | R@20: 0.900 | μR@10: 0.521 | P@10: 0.177 | NDCG@20: 0.455 | PosBrier: 0.6451
2026-03-11 12:49:17 - exp2b_flash_learned_pool - DEBUG -     Loss: 0.0021 | R@10: 0.852 | R@20: 0.914 | μR@10: 0.551 | P@10: 0.155 | NDCG@20: 0.458 | PosBrier: 0.6778
2026-03-11 12:51:29 - exp2b_flash_learned_pool - DEBUG -     Loss: 0.0024 | R@10: 0.862 | R@20: 0.926 | μR@10: 0.519 | P@10: 0.178 | NDCG@20: 0.479 | PosBrier: 0.6609
2026-03-11 12:53:40 - exp2b_flash_learned_pool - DEBUG -     Loss: 0.0023 | R@10: 0.836 | R@20: 0.909 | μR@10: 0.532 | P@10: 0.160 | NDCG@20: 0.445 | PosBrier: 0.6714
2026-03-11 12:55:48 - exp2b_flash_learned_pool - DEBUG -     Loss: 0.0023 | R@10: 0.847 | R@20: 0.918 | μR@10: 0.542 | P@10: 0.174 | NDCG@20: 0.459 | PosBrier: 0.6566
2026-03-11 12:58:00 - exp2b_flash_learned_pool - DEBUG -     Loss: 0.0023 | R@10: 0.851 | R@20: 0.910 | μR@10: 0.536 | P@10: 0.165 | NDCG@20: 0.458 | PosBrier: 0.6585
2026-03-11 13:00:14 - exp2b_flash_learned_pool - DEBUG -     Loss: 0.0025 | R@10: 0.818 | R@20: 0.889 | μR@10: 0.492 | P@10: 0.163 | NDCG@20: 0.435 | PosBrier: 0.6836
2026-03-11 13:02:26 - exp2b_flash_learned_pool - DEBUG -     Loss: 0.0026 | R@10: 0.835 | R@20: 0.908 | μR@10: 0.497 | P@10: 0.182 | NDCG@20: 0.445 | PosBrier: 0.6821
2026-03-11 13:04:35 - exp2b_flash_learned_pool - DEBUG -     Loss: 0.0025 | R@10: 0.866 | R@20: 0.926 | μR@10: 0.490 | P@10: 0.169 | NDCG@20: 0.447 | PosBrier: 0.6933
2026-03-11 13:06:51 - exp2b_flash_learned_pool - DEBUG -     Loss: 0.0024 | R@10: 0.829 | R@20: 0.902 | μR@10: 0.497 | P@10: 0.150 | NDCG@20: 0.431 | PosBrier: 0.7153
2026-03-11 13:09:03 - exp2b_flash_learned_pool - DEBUG -     Loss: 0.0023 | R@10: 0.827 | R@20: 0.899 | μR@10: 0.539 | P@10: 0.168 | NDCG@20: 0.448 | PosBrier: 0.6544
2026-03-11 13:11:15 - exp2b_flash_learned_pool - DEBUG -     Loss: 0.0022 | R@10: 0.834 | R@20: 0.901 | μR@10: 0.523 | P@10: 0.153 | NDCG@20: 0.443 | PosBrier: 0.6876
2026-03-11 13:13:27 - exp2b_flash_learned_pool - DEBUG -     Loss: 0.0023 | R@10: 0.845 | R@20: 0.915 | μR@10: 0.504 | P@10: 0.158 | NDCG@20: 0.456 | PosBrier: 0.6863
2026-03-11 13:15:43 - exp2b_flash_learned_pool - DEBUG -     Loss: 0.0019 | R@10: 0.839 | R@20: 0.918 | μR@10: 0.558 | P@10: 0.139 | NDCG@20: 0.452 | PosBrier: 0.6963
2026-03-11 13:18:05 - exp2b_flash_learned_pool - DEBUG -     Loss: 0.0025 | R@10: 0.834 | R@20: 0.909 | μR@10: 0.480 | P@10: 0.165 | NDCG@20: 0.432 | PosBrier: 0.6985
2026-03-11 13:20:18 - exp2b_flash_learned_pool - DEBUG -     Loss: 0.0023 | R@10: 0.835 | R@20: 0.898 | μR@10: 0.521 | P@10: 0.160 | NDCG@20: 0.447 | PosBrier: 0.6851
2026-03-11 13:22:30 - exp2b_flash_learned_pool - DEBUG -     Loss: 0.0022 | R@10: 0.848 | R@20: 0.910 | μR@10: 0.528 | P@10: 0.159 | NDCG@20: 0.454 | PosBrier: 0.6684
2026-03-11 13:24:42 - exp2b_flash_learned_pool - DEBUG -     Loss: 0.0024 | R@10: 0.826 | R@20: 0.905 | μR@10: 0.497 | P@10: 0.163 | NDCG@20: 0.441 | PosBrier: 0.6906
2026-03-11 13:26:53 - exp2b_flash_learned_pool - DEBUG -     Loss: 0.0026 | R@10: 0.849 | R@20: 0.915 | μR@10: 0.511 | P@10: 0.185 | NDCG@20: 0.461 | PosBrier: 0.6589
2026-03-11 13:29:11 - exp2b_flash_learned_pool - DEBUG -     Loss: 0.0024 | R@10: 0.824 | R@20: 0.897 | μR@10: 0.491 | P@10: 0.166 | NDCG@20: 0.434 | PosBrier: 0.6965
2026-03-11 13:31:22 - exp2b_flash_learned_pool - DEBUG -     Loss: 0.0021 | R@10: 0.855 | R@20: 0.918 | μR@10: 0.510 | P@10: 0.146 | NDCG@20: 0.460 | PosBrier: 0.6883
2026-03-11 13:33:29 - exp2b_flash_learned_pool - DEBUG -     Loss: 0.0023 | R@10: 0.853 | R@20: 0.917 | μR@10: 0.535 | P@10: 0.165 | NDCG@20: 0.462 | PosBrier: 0.6444
2026-03-11 13:35:47 - exp2b_flash_learned_pool - DEBUG -     Loss: 0.0022 | R@10: 0.855 | R@20: 0.912 | μR@10: 0.525 | P@10: 0.161 | NDCG@20: 0.450 | PosBrier: 0.6847
2026-03-11 13:38:02 - exp2b_flash_learned_pool - DEBUG -     Loss: 0.0024 | R@10: 0.837 | R@20: 0.907 | μR@10: 0.502 | P@10: 0.163 | NDCG@20: 0.449 | PosBrier: 0.6812
2026-03-11 13:40:14 - exp2b_flash_learned_pool - DEBUG -     Loss: 0.0024 | R@10: 0.862 | R@20: 0.917 | μR@10: 0.524 | P@10: 0.174 | NDCG@20: 0.458 | PosBrier: 0.6601
2026-03-11 13:42:28 - exp2b_flash_learned_pool - DEBUG -     Loss: 0.0023 | R@10: 0.839 | R@20: 0.909 | μR@10: 0.554 | P@10: 0.179 | NDCG@20: 0.458 | PosBrier: 0.6197
2026-03-11 13:44:40 - exp2b_flash_learned_pool - DEBUG -     Loss: 0.0021 | R@10: 0.848 | R@20: 0.914 | μR@10: 0.557 | P@10: 0.158 | NDCG@20: 0.454 | PosBrier: 0.6652
2026-03-11 13:47:00 - exp2b_flash_learned_pool - DEBUG -     Loss: 0.0019 | R@10: 0.843 | R@20: 0.920 | μR@10: 0.573 | P@10: 0.147 | NDCG@20: 0.442 | PosBrier: 0.6890
2026-03-11 13:49:12 - exp2b_flash_learned_pool - DEBUG -     Loss: 0.0025 | R@10: 0.844 | R@20: 0.910 | μR@10: 0.488 | P@10: 0.164 | NDCG@20: 0.441 | PosBrier: 0.6952
2026-03-11 13:51:24 - exp2b_flash_learned_pool - DEBUG -     Loss: 0.0023 | R@10: 0.851 | R@20: 0.918 | μR@10: 0.540 | P@10: 0.173 | NDCG@20: 0.453 | PosBrier: 0.6754
2026-03-11 13:53:41 - exp2b_flash_learned_pool - DEBUG -     Loss: 0.0020 | R@10: 0.841 | R@20: 0.922 | μR@10: 0.572 | P@10: 0.147 | NDCG@20: 0.447 | PosBrier: 0.6983
2026-03-11 13:55:52 - exp2b_flash_learned_pool - DEBUG -     Loss: 0.0022 | R@10: 0.854 | R@20: 0.923 | μR@10: 0.526 | P@10: 0.161 | NDCG@20: 0.456 | PosBrier: 0.6814
2026-03-11 13:58:04 - exp2b_flash_learned_pool - DEBUG -     Loss: 0.0025 | R@10: 0.847 | R@20: 0.915 | μR@10: 0.488 | P@10: 0.167 | NDCG@20: 0.450 | PosBrier: 0.6939
2026-03-11 14:00:22 - exp2b_flash_learned_pool - DEBUG -     Loss: 0.0022 | R@10: 0.858 | R@20: 0.918 | μR@10: 0.544 | P@10: 0.171 | NDCG@20: 0.465 | PosBrier: 0.6504
2026-03-11 14:02:35 - exp2b_flash_learned_pool - DEBUG -     Loss: 0.0024 | R@10: 0.848 | R@20: 0.915 | μR@10: 0.508 | P@10: 0.176 | NDCG@20: 0.450 | PosBrier: 0.6645
2026-03-11 14:04:46 - exp2b_flash_learned_pool - DEBUG -     Loss: 0.0023 | R@10: 0.826 | R@20: 0.907 | μR@10: 0.488 | P@10: 0.152 | NDCG@20: 0.447 | PosBrier: 0.6867
2026-03-11 14:07:02 - exp2b_flash_learned_pool - DEBUG -     Loss: 0.0021 | R@10: 0.858 | R@20: 0.917 | μR@10: 0.551 | P@10: 0.161 | NDCG@20: 0.466 | PosBrier: 0.6522
2026-03-11 14:09:18 - exp2b_flash_learned_pool - DEBUG -     Loss: 0.0024 | R@10: 0.850 | R@20: 0.913 | μR@10: 0.507 | P@10: 0.169 | NDCG@20: 0.441 | PosBrier: 0.6558
2026-03-11 14:11:33 - exp2b_flash_learned_pool - DEBUG -     Loss: 0.0024 | R@10: 0.852 | R@20: 0.918 | μR@10: 0.519 | P@10: 0.169 | NDCG@20: 0.457 | PosBrier: 0.6757
2026-03-11 14:13:44 - exp2b_flash_learned_pool - DEBUG -     Loss: 0.0021 | R@10: 0.840 | R@20: 0.915 | μR@10: 0.519 | P@10: 0.145 | NDCG@20: 0.456 | PosBrier: 0.6744
2026-03-11 14:15:58 - exp2b_flash_learned_pool - DEBUG -     Loss: 0.0026 | R@10: 0.858 | R@20: 0.913 | μR@10: 0.508 | P@10: 0.188 | NDCG@20: 0.462 | PosBrier: 0.6771
2026-03-11 14:18:12 - exp2b_flash_learned_pool - DEBUG -     Loss: 0.0023 | R@10: 0.841 | R@20: 0.919 | μR@10: 0.515 | P@10: 0.163 | NDCG@20: 0.453 | PosBrier: 0.6665
2026-03-11 14:20:26 - exp2b_flash_learned_pool - DEBUG -     Loss: 0.0025 | R@10: 0.828 | R@20: 0.908 | μR@10: 0.487 | P@10: 0.167 | NDCG@20: 0.437 | PosBrier: 0.6811
2026-03-11 14:22:40 - exp2b_flash_learned_pool - DEBUG -     Loss: 0.0023 | R@10: 0.828 | R@20: 0.894 | μR@10: 0.491 | P@10: 0.162 | NDCG@20: 0.441 | PosBrier: 0.6707
2026-03-11 14:24:59 - exp2b_flash_learned_pool - DEBUG -     Loss: 0.0022 | R@10: 0.835 | R@20: 0.907 | μR@10: 0.540 | P@10: 0.154 | NDCG@20: 0.452 | PosBrier: 0.6807
2026-03-11 14:27:18 - exp2b_flash_learned_pool - DEBUG -     Loss: 0.0021 | R@10: 0.847 | R@20: 0.919 | μR@10: 0.547 | P@10: 0.147 | NDCG@20: 0.444 | PosBrier: 0.7217
2026-03-11 14:29:29 - exp2b_flash_learned_pool - DEBUG -     Loss: 0.0022 | R@10: 0.846 | R@20: 0.922 | μR@10: 0.532 | P@10: 0.164 | NDCG@20: 0.453 | PosBrier: 0.6923
2026-03-11 14:31:43 - exp2b_flash_learned_pool - DEBUG -     Loss: 0.0022 | R@10: 0.828 | R@20: 0.899 | μR@10: 0.522 | P@10: 0.153 | NDCG@20: 0.445 | PosBrier: 0.6771
2026-03-11 14:33:56 - exp2b_flash_learned_pool - DEBUG -     Loss: 0.0024 | R@10: 0.856 | R@20: 0.927 | μR@10: 0.516 | P@10: 0.182 | NDCG@20: 0.460 | PosBrier: 0.6616
2026-03-11 14:36:12 - exp2b_flash_learned_pool - DEBUG -     Loss: 0.0024 | R@10: 0.851 | R@20: 0.922 | μR@10: 0.480 | P@10: 0.151 | NDCG@20: 0.444 | PosBrier: 0.7128
2026-03-11 14:38:26 - exp2b_flash_learned_pool - DEBUG -     Loss: 0.0021 | R@10: 0.860 | R@20: 0.926 | μR@10: 0.552 | P@10: 0.158 | NDCG@20: 0.466 | PosBrier: 0.6461
2026-03-11 14:40:43 - exp2b_flash_learned_pool - DEBUG -     Loss: 0.0021 | R@10: 0.841 | R@20: 0.916 | μR@10: 0.561 | P@10: 0.158 | NDCG@20: 0.454 | PosBrier: 0.6584
2026-03-11 14:42:58 - exp2b_flash_learned_pool - DEBUG -     Loss: 0.0021 | R@10: 0.836 | R@20: 0.909 | μR@10: 0.560 | P@10: 0.156 | NDCG@20: 0.459 | PosBrier: 0.6510
2026-03-11 14:45:11 - exp2b_flash_learned_pool - DEBUG -     Loss: 0.0027 | R@10: 0.857 | R@20: 0.920 | μR@10: 0.489 | P@10: 0.184 | NDCG@20: 0.457 | PosBrier: 0.6755
2026-03-11 14:47:24 - exp2b_flash_learned_pool - DEBUG -     Loss: 0.0023 | R@10: 0.851 | R@20: 0.911 | μR@10: 0.522 | P@10: 0.167 | NDCG@20: 0.452 | PosBrier: 0.6795
2026-03-11 14:49:40 - exp2b_flash_learned_pool - DEBUG -     Loss: 0.0021 | R@10: 0.864 | R@20: 0.929 | μR@10: 0.548 | P@10: 0.158 | NDCG@20: 0.464 | PosBrier: 0.6675
2026-03-11 14:52:03 - exp2b_flash_learned_pool - DEBUG -     Loss: 0.0019 | R@10: 0.855 | R@20: 0.926 | μR@10: 0.572 | P@10: 0.149 | NDCG@20: 0.460 | PosBrier: 0.6768
2026-03-11 14:54:17 - exp2b_flash_learned_pool - DEBUG -     Loss: 0.0025 | R@10: 0.864 | R@20: 0.924 | μR@10: 0.507 | P@10: 0.188 | NDCG@20: 0.470 | PosBrier: 0.6639
2026-03-11 14:56:31 - exp2b_flash_learned_pool - DEBUG -     Loss: 0.0021 | R@10: 0.808 | R@20: 0.897 | μR@10: 0.537 | P@10: 0.159 | NDCG@20: 0.446 | PosBrier: 0.6592
2026-03-11 14:58:45 - exp2b_flash_learned_pool - DEBUG -     Loss: 0.0023 | R@10: 0.837 | R@20: 0.899 | μR@10: 0.531 | P@10: 0.163 | NDCG@20: 0.445 | PosBrier: 0.6932
2026-03-11 15:00:59 - exp2b_flash_learned_pool - DEBUG -     Loss: 0.0022 | R@10: 0.849 | R@20: 0.914 | μR@10: 0.541 | P@10: 0.165 | NDCG@20: 0.460 | PosBrier: 0.6543
2026-03-11 15:03:14 - exp2b_flash_learned_pool - DEBUG -     Loss: 0.0021 | R@10: 0.847 | R@20: 0.910 | μR@10: 0.545 | P@10: 0.158 | NDCG@20: 0.458 | PosBrier: 0.6480
2026-03-11 15:05:31 - exp2b_flash_learned_pool - DEBUG -     Loss: 0.0023 | R@10: 0.864 | R@20: 0.926 | μR@10: 0.538 | P@10: 0.175 | NDCG@20: 0.475 | PosBrier: 0.6488
2026-03-11 15:07:43 - exp2b_flash_learned_pool - DEBUG -     Loss: 0.0023 | R@10: 0.828 | R@20: 0.906 | μR@10: 0.518 | P@10: 0.159 | NDCG@20: 0.442 | PosBrier: 0.6749
2026-03-11 15:09:58 - exp2b_flash_learned_pool - DEBUG -     Loss: 0.0021 | R@10: 0.862 | R@20: 0.918 | μR@10: 0.539 | P@10: 0.155 | NDCG@20: 0.458 | PosBrier: 0.6658
2026-03-11 15:12:16 - exp2b_flash_learned_pool - DEBUG -     Loss: 0.0022 | R@10: 0.845 | R@20: 0.917 | μR@10: 0.530 | P@10: 0.158 | NDCG@20: 0.439 | PosBrier: 0.6754
2026-03-11 15:14:29 - exp2b_flash_learned_pool - DEBUG -     Loss: 0.0020 | R@10: 0.864 | R@20: 0.916 | μR@10: 0.569 | P@10: 0.152 | NDCG@20: 0.467 | PosBrier: 0.6469
2026-03-11 15:16:48 - exp2b_flash_learned_pool - DEBUG -     Loss: 0.0022 | R@10: 0.847 | R@20: 0.921 | μR@10: 0.545 | P@10: 0.166 | NDCG@20: 0.454 | PosBrier: 0.6767
2026-03-11 15:19:07 - exp2b_flash_learned_pool - DEBUG -     Loss: 0.0025 | R@10: 0.837 | R@20: 0.906 | μR@10: 0.484 | P@10: 0.161 | NDCG@20: 0.444 | PosBrier: 0.7065
2026-03-11 15:21:20 - exp2b_flash_learned_pool - DEBUG -     Loss: 0.0024 | R@10: 0.845 | R@20: 0.901 | μR@10: 0.509 | P@10: 0.165 | NDCG@20: 0.441 | PosBrier: 0.6861
2026-03-11 15:23:46 - exp2b_flash_learned_pool - DEBUG -     Loss: 0.0021 | R@10: 0.808 | R@20: 0.909 | μR@10: 0.543 | P@10: 0.167 | NDCG@20: 0.426 | PosBrier: 0.6751
2026-03-11 15:26:01 - exp2b_flash_learned_pool - DEBUG -     Loss: 0.0021 | R@10: 0.849 | R@20: 0.918 | μR@10: 0.534 | P@10: 0.156 | NDCG@20: 0.454 | PosBrier: 0.6641
2026-03-11 15:28:14 - exp2b_flash_learned_pool - DEBUG -     Loss: 0.0026 | R@10: 0.838 | R@20: 0.909 | μR@10: 0.486 | P@10: 0.170 | NDCG@20: 0.439 | PosBrier: 0.7023
2026-03-11 15:30:22 - exp2b_flash_learned_pool - DEBUG -     Loss: 0.0022 | R@10: 0.865 | R@20: 0.930 | μR@10: 0.544 | P@10: 0.163 | NDCG@20: 0.456 | PosBrier: 0.6576
2026-03-11 15:32:35 - exp2b_flash_learned_pool - DEBUG -     Loss: 0.0024 | R@10: 0.858 | R@20: 0.927 | μR@10: 0.519 | P@10: 0.174 | NDCG@20: 0.456 | PosBrier: 0.6602
2026-03-11 15:34:49 - exp2b_flash_learned_pool - DEBUG -     Loss: 0.0025 | R@10: 0.832 | R@20: 0.901 | μR@10: 0.517 | P@10: 0.176 | NDCG@20: 0.440 | PosBrier: 0.6623
2026-03-11 15:37:06 - exp2b_flash_learned_pool - DEBUG -     Loss: 0.0021 | R@10: 0.845 | R@20: 0.911 | μR@10: 0.546 | P@10: 0.158 | NDCG@20: 0.461 | PosBrier: 0.6583
2026-03-11 15:39:18 - exp2b_flash_learned_pool - DEBUG -     Loss: 0.0023 | R@10: 0.852 | R@20: 0.915 | μR@10: 0.512 | P@10: 0.152 | NDCG@20: 0.448 | PosBrier: 0.6893
2026-03-11 15:41:38 - exp2b_flash_learned_pool - DEBUG -     Loss: 0.0020 | R@10: 0.833 | R@20: 0.922 | μR@10: 0.578 | P@10: 0.157 | NDCG@20: 0.438 | PosBrier: 0.6734
2026-03-11 15:43:50 - exp2b_flash_learned_pool - DEBUG -     Loss: 0.0022 | R@10: 0.825 | R@20: 0.906 | μR@10: 0.510 | P@10: 0.152 | NDCG@20: 0.442 | PosBrier: 0.6995
2026-03-11 15:46:07 - exp2b_flash_learned_pool - DEBUG -     Loss: 0.0022 | R@10: 0.837 | R@20: 0.913 | μR@10: 0.528 | P@10: 0.163 | NDCG@20: 0.449 | PosBrier: 0.6661
2026-03-11 15:48:31 - exp2b_flash_learned_pool - DEBUG -     Loss: 0.0020 | R@10: 0.853 | R@20: 0.919 | μR@10: 0.553 | P@10: 0.145 | NDCG@20: 0.461 | PosBrier: 0.6681
2026-03-11 15:50:50 - exp2b_flash_learned_pool - DEBUG -     Loss: 0.0019 | R@10: 0.833 | R@20: 0.922 | μR@10: 0.563 | P@10: 0.146 | NDCG@20: 0.436 | PosBrier: 0.7126
2026-03-11 15:53:01 - exp2b_flash_learned_pool - DEBUG -     Loss: 0.0021 | R@10: 0.879 | R@20: 0.933 | μR@10: 0.544 | P@10: 0.172 | NDCG@20: 0.491 | PosBrier: 0.6244
2026-03-11 15:55:17 - exp2b_flash_learned_pool - DEBUG -     Loss: 0.0023 | R@10: 0.852 | R@20: 0.918 | μR@10: 0.545 | P@10: 0.173 | NDCG@20: 0.459 | PosBrier: 0.6554
2026-03-11 15:57:30 - exp2b_flash_learned_pool - DEBUG -     Loss: 0.0026 | R@10: 0.847 | R@20: 0.917 | μR@10: 0.477 | P@10: 0.169 | NDCG@20: 0.438 | PosBrier: 0.6760
2026-03-11 15:59:46 - exp2b_flash_learned_pool - DEBUG -     Loss: 0.0025 | R@10: 0.841 | R@20: 0.908 | μR@10: 0.508 | P@10: 0.175 | NDCG@20: 0.439 | PosBrier: 0.6599
2026-03-11 16:02:05 - exp2b_flash_learned_pool - DEBUG -     Loss: 0.0023 | R@10: 0.834 | R@20: 0.910 | μR@10: 0.540 | P@10: 0.171 | NDCG@20: 0.451 | PosBrier: 0.6640
2026-03-11 16:04:15 - exp2b_flash_learned_pool - DEBUG -     Loss: 0.0021 | R@10: 0.849 | R@20: 0.919 | μR@10: 0.566 | P@10: 0.176 | NDCG@20: 0.470 | PosBrier: 0.6034
2026-03-11 16:06:33 - exp2b_flash_learned_pool - DEBUG -     Loss: 0.0021 | R@10: 0.860 | R@20: 0.924 | μR@10: 0.535 | P@10: 0.152 | NDCG@20: 0.462 | PosBrier: 0.6819
2026-03-11 16:08:48 - exp2b_flash_learned_pool - DEBUG -     Loss: 0.0022 | R@10: 0.846 | R@20: 0.915 | μR@10: 0.550 | P@10: 0.185 | NDCG@20: 0.469 | PosBrier: 0.6146
2026-03-11 16:11:07 - exp2b_flash_learned_pool - DEBUG -     Loss: 0.0022 | R@10: 0.854 | R@20: 0.919 | μR@10: 0.561 | P@10: 0.180 | NDCG@20: 0.466 | PosBrier: 0.6533
2026-03-11 16:13:22 - exp2b_flash_learned_pool - DEBUG -     Loss: 0.0022 | R@10: 0.866 | R@20: 0.916 | μR@10: 0.541 | P@10: 0.159 | NDCG@20: 0.460 | PosBrier: 0.6545
2026-03-11 16:15:36 - exp2b_flash_learned_pool - DEBUG -     Loss: 0.0022 | R@10: 0.839 | R@20: 0.903 | μR@10: 0.511 | P@10: 0.156 | NDCG@20: 0.448 | PosBrier: 0.6987
2026-03-11 16:17:51 - exp2b_flash_learned_pool - DEBUG -     Loss: 0.0023 | R@10: 0.836 | R@20: 0.911 | μR@10: 0.529 | P@10: 0.170 | NDCG@20: 0.460 | PosBrier: 0.6730
2026-03-11 16:20:02 - exp2b_flash_learned_pool - DEBUG -     Loss: 0.0022 | R@10: 0.867 | R@20: 0.932 | μR@10: 0.538 | P@10: 0.159 | NDCG@20: 0.466 | PosBrier: 0.6872
2026-03-11 16:22:15 - exp2b_flash_learned_pool - DEBUG -     Loss: 0.0025 | R@10: 0.867 | R@20: 0.928 | μR@10: 0.493 | P@10: 0.172 | NDCG@20: 0.469 | PosBrier: 0.6801
2026-03-11 16:24:37 - exp2b_flash_learned_pool - DEBUG -     Loss: 0.0024 | R@10: 0.873 | R@20: 0.931 | μR@10: 0.532 | P@10: 0.197 | NDCG@20: 0.480 | PosBrier: 0.6419
2026-03-11 16:26:55 - exp2b_flash_learned_pool - DEBUG -     Loss: 0.0024 | R@10: 0.848 | R@20: 0.913 | μR@10: 0.512 | P@10: 0.168 | NDCG@20: 0.459 | PosBrier: 0.6730
2026-03-11 16:29:11 - exp2b_flash_learned_pool - DEBUG -     Loss: 0.0022 | R@10: 0.853 | R@20: 0.912 | μR@10: 0.525 | P@10: 0.151 | NDCG@20: 0.460 | PosBrier: 0.6717
2026-03-11 16:31:33 - exp2b_flash_learned_pool - DEBUG -     Loss: 0.0020 | R@10: 0.849 | R@20: 0.922 | μR@10: 0.587 | P@10: 0.155 | NDCG@20: 0.454 | PosBrier: 0.6799
2026-03-11 16:33:49 - exp2b_flash_learned_pool - DEBUG -     Loss: 0.0023 | R@10: 0.852 | R@20: 0.917 | μR@10: 0.522 | P@10: 0.168 | NDCG@20: 0.469 | PosBrier: 0.6361
2026-03-11 16:36:08 - exp2b_flash_learned_pool - DEBUG -     Loss: 0.0025 | R@10: 0.849 | R@20: 0.912 | μR@10: 0.514 | P@10: 0.187 | NDCG@20: 0.455 | PosBrier: 0.6600
2026-03-11 16:38:29 - exp2b_flash_learned_pool - DEBUG -     Loss: 0.0022 | R@10: 0.813 | R@20: 0.914 | μR@10: 0.535 | P@10: 0.167 | NDCG@20: 0.426 | PosBrier: 0.6884
2026-03-11 16:40:42 - exp2b_flash_learned_pool - DEBUG -     Loss: 0.0024 | R@10: 0.847 | R@20: 0.916 | μR@10: 0.516 | P@10: 0.176 | NDCG@20: 0.460 | PosBrier: 0.6698
2026-03-11 16:42:54 - exp2b_flash_learned_pool - DEBUG -     Loss: 0.0019 | R@10: 0.849 | R@20: 0.911 | μR@10: 0.578 | P@10: 0.150 | NDCG@20: 0.465 | PosBrier: 0.6404
2026-03-11 16:45:08 - exp2b_flash_learned_pool - DEBUG -     Loss: 0.0021 | R@10: 0.846 | R@20: 0.915 | μR@10: 0.529 | P@10: 0.153 | NDCG@20: 0.456 | PosBrier: 0.6732
2026-03-11 16:47:25 - exp2b_flash_learned_pool - DEBUG -     Loss: 0.0022 | R@10: 0.837 | R@20: 0.918 | μR@10: 0.527 | P@10: 0.157 | NDCG@20: 0.455 | PosBrier: 0.6808
2026-03-11 16:49:37 - exp2b_flash_learned_pool - DEBUG -     Loss: 0.0022 | R@10: 0.843 | R@20: 0.918 | μR@10: 0.512 | P@10: 0.151 | NDCG@20: 0.456 | PosBrier: 0.6810
2026-03-11 16:51:59 - exp2b_flash_learned_pool - DEBUG -     Loss: 0.0019 | R@10: 0.848 | R@20: 0.922 | μR@10: 0.583 | P@10: 0.147 | NDCG@20: 0.456 | PosBrier: 0.6543
2026-03-11 16:54:24 - exp2b_flash_learned_pool - DEBUG -     Loss: 0.0020 | R@10: 0.853 | R@20: 0.927 | μR@10: 0.572 | P@10: 0.152 | NDCG@20: 0.461 | PosBrier: 0.6750
2026-03-11 16:56:40 - exp2b_flash_learned_pool - DEBUG -     Loss: 0.0024 | R@10: 0.831 | R@20: 0.898 | μR@10: 0.501 | P@10: 0.156 | NDCG@20: 0.439 | PosBrier: 0.6644
2026-03-11 16:58:55 - exp2b_flash_learned_pool - DEBUG -     Loss: 0.0025 | R@10: 0.820 | R@20: 0.893 | μR@10: 0.479 | P@10: 0.154 | NDCG@20: 0.434 | PosBrier: 0.6956
2026-03-11 17:01:11 - exp2b_flash_learned_pool - DEBUG -     Loss: 0.0023 | R@10: 0.849 | R@20: 0.921 | μR@10: 0.529 | P@10: 0.164 | NDCG@20: 0.456 | PosBrier: 0.6857
2026-03-11 17:03:23 - exp2b_flash_learned_pool - DEBUG -     Loss: 0.0022 | R@10: 0.871 | R@20: 0.923 | μR@10: 0.539 | P@10: 0.159 | NDCG@20: 0.465 | PosBrier: 0.6491
2026-03-11 17:05:36 - exp2b_flash_learned_pool - DEBUG -     Loss: 0.0023 | R@10: 0.853 | R@20: 0.920 | μR@10: 0.520 | P@10: 0.173 | NDCG@20: 0.453 | PosBrier: 0.6671
2026-03-11 17:07:51 - exp2b_flash_learned_pool - DEBUG -     Loss: 0.0022 | R@10: 0.846 | R@20: 0.915 | μR@10: 0.547 | P@10: 0.175 | NDCG@20: 0.464 | PosBrier: 0.6411
2026-03-11 17:10:03 - exp2b_flash_learned_pool - DEBUG -     Loss: 0.0024 | R@10: 0.833 | R@20: 0.901 | μR@10: 0.517 | P@10: 0.162 | NDCG@20: 0.457 | PosBrier: 0.6463
2026-03-11 17:12:17 - exp2b_flash_learned_pool - DEBUG -     Loss: 0.0024 | R@10: 0.857 | R@20: 0.921 | μR@10: 0.515 | P@10: 0.179 | NDCG@20: 0.456 | PosBrier: 0.6574
2026-03-11 17:14:40 - exp2b_flash_learned_pool - DEBUG -     Loss: 0.0026 | R@10: 0.836 | R@20: 0.904 | μR@10: 0.491 | P@10: 0.175 | NDCG@20: 0.455 | PosBrier: 0.6730
2026-03-11 17:16:55 - exp2b_flash_learned_pool - DEBUG -     Loss: 0.0024 | R@10: 0.864 | R@20: 0.927 | μR@10: 0.519 | P@10: 0.181 | NDCG@20: 0.464 | PosBrier: 0.6615
2026-03-11 17:19:09 - exp2b_flash_learned_pool - DEBUG -     Loss: 0.0022 | R@10: 0.827 | R@20: 0.899 | μR@10: 0.511 | P@10: 0.154 | NDCG@20: 0.445 | PosBrier: 0.6815
2026-03-11 17:21:20 - exp2b_flash_learned_pool - DEBUG -     Loss: 0.0022 | R@10: 0.859 | R@20: 0.922 | μR@10: 0.543 | P@10: 0.174 | NDCG@20: 0.463 | PosBrier: 0.6383
2026-03-11 17:23:28 - exp2b_flash_learned_pool - DEBUG -     Loss: 0.0021 | R@10: 0.870 | R@20: 0.926 | μR@10: 0.575 | P@10: 0.175 | NDCG@20: 0.482 | PosBrier: 0.6207
2026-03-11 17:25:39 - exp2b_flash_learned_pool - DEBUG -     Loss: 0.0024 | R@10: 0.853 | R@20: 0.912 | μR@10: 0.542 | P@10: 0.182 | NDCG@20: 0.457 | PosBrier: 0.6392
2026-03-11 17:28:19 - exp2b_flash_learned_pool - DEBUG -     Loss: 0.0020 | R@10: 0.837 | R@20: 0.918 | μR@10: 0.574 | P@10: 0.165 | NDCG@20: 0.447 | PosBrier: 0.6585
2026-03-11 17:30:34 - exp2b_flash_learned_pool - DEBUG -     Loss: 0.0021 | R@10: 0.863 | R@20: 0.921 | μR@10: 0.550 | P@10: 0.165 | NDCG@20: 0.468 | PosBrier: 0.6354
2026-03-11 17:32:48 - exp2b_flash_learned_pool - DEBUG -     Loss: 0.0024 | R@10: 0.845 | R@20: 0.906 | μR@10: 0.522 | P@10: 0.178 | NDCG@20: 0.459 | PosBrier: 0.6567
2026-03-11 17:35:07 - exp2b_flash_learned_pool - DEBUG -     Loss: 0.0020 | R@10: 0.841 | R@20: 0.920 | μR@10: 0.568 | P@10: 0.159 | NDCG@20: 0.454 | PosBrier: 0.6612
2026-03-11 17:37:20 - exp2b_flash_learned_pool - DEBUG -     Loss: 0.0023 | R@10: 0.832 | R@20: 0.908 | μR@10: 0.525 | P@10: 0.166 | NDCG@20: 0.446 | PosBrier: 0.6679
2026-03-11 17:39:35 - exp2b_flash_learned_pool - DEBUG -     Loss: 0.0017 | R@10: 0.863 | R@20: 0.932 | μR@10: 0.605 | P@10: 0.138 | NDCG@20: 0.464 | PosBrier: 0.6794
2026-03-11 17:41:46 - exp2b_flash_learned_pool - DEBUG -     Loss: 0.0023 | R@10: 0.847 | R@20: 0.915 | μR@10: 0.528 | P@10: 0.171 | NDCG@20: 0.453 | PosBrier: 0.6634
2026-03-11 17:44:01 - exp2b_flash_learned_pool - DEBUG -     Loss: 0.0022 | R@10: 0.835 | R@20: 0.917 | μR@10: 0.537 | P@10: 0.155 | NDCG@20: 0.457 | PosBrier: 0.6614
2026-03-11 17:46:15 - exp2b_flash_learned_pool - DEBUG -     Loss: 0.0022 | R@10: 0.839 | R@20: 0.910 | μR@10: 0.533 | P@10: 0.152 | NDCG@20: 0.450 | PosBrier: 0.6732
2026-03-11 17:48:36 - exp2b_flash_learned_pool - DEBUG -     Loss: 0.0024 | R@10: 0.848 | R@20: 0.926 | μR@10: 0.534 | P@10: 0.180 | NDCG@20: 0.452 | PosBrier: 0.6576
2026-03-11 17:50:52 - exp2b_flash_learned_pool - DEBUG -     Loss: 0.0021 | R@10: 0.833 | R@20: 0.919 | μR@10: 0.550 | P@10: 0.161 | NDCG@20: 0.438 | PosBrier: 0.6800
2026-03-11 17:52:59 - exp2b_flash_learned_pool - DEBUG -     Loss: 0.0022 | R@10: 0.853 | R@20: 0.917 | μR@10: 0.542 | P@10: 0.169 | NDCG@20: 0.463 | PosBrier: 0.6470
2026-03-11 17:55:16 - exp2b_flash_learned_pool - DEBUG -     Loss: 0.0024 | R@10: 0.851 | R@20: 0.914 | μR@10: 0.537 | P@10: 0.184 | NDCG@20: 0.461 | PosBrier: 0.6363
2026-03-11 17:57:26 - exp2b_flash_learned_pool - DEBUG -     Loss: 0.0022 | R@10: 0.837 | R@20: 0.909 | μR@10: 0.544 | P@10: 0.160 | NDCG@20: 0.452 | PosBrier: 0.6750
2026-03-11 17:59:45 - exp2b_flash_learned_pool - DEBUG -     Loss: 0.0023 | R@10: 0.860 | R@20: 0.926 | μR@10: 0.530 | P@10: 0.162 | NDCG@20: 0.453 | PosBrier: 0.6772
2026-03-11 18:02:00 - exp2b_flash_learned_pool - DEBUG -     Loss: 0.0023 | R@10: 0.880 | R@20: 0.923 | μR@10: 0.523 | P@10: 0.161 | NDCG@20: 0.470 | PosBrier: 0.6520
2026-03-11 18:04:18 - exp2b_flash_learned_pool - DEBUG -     Loss: 0.0023 | R@10: 0.854 | R@20: 0.909 | μR@10: 0.537 | P@10: 0.173 | NDCG@20: 0.460 | PosBrier: 0.6650
2026-03-11 18:06:28 - exp2b_flash_learned_pool - DEBUG -     Loss: 0.0023 | R@10: 0.869 | R@20: 0.924 | μR@10: 0.531 | P@10: 0.174 | NDCG@20: 0.474 | PosBrier: 0.6561
2026-03-11 18:08:46 - exp2b_flash_learned_pool - DEBUG -     Loss: 0.0022 | R@10: 0.855 | R@20: 0.915 | μR@10: 0.546 | P@10: 0.177 | NDCG@20: 0.460 | PosBrier: 0.6561
2026-03-11 18:10:59 - exp2b_flash_learned_pool - DEBUG -     Loss: 0.0023 | R@10: 0.847 | R@20: 0.919 | μR@10: 0.544 | P@10: 0.169 | NDCG@20: 0.459 | PosBrier: 0.6548
2026-03-11 18:13:17 - exp2b_flash_learned_pool - DEBUG -     Loss: 0.0025 | R@10: 0.852 | R@20: 0.923 | μR@10: 0.526 | P@10: 0.183 | NDCG@20: 0.460 | PosBrier: 0.6624
2026-03-11 18:15:32 - exp2b_flash_learned_pool - DEBUG -     Loss: 0.0024 | R@10: 0.844 | R@20: 0.909 | μR@10: 0.509 | P@10: 0.168 | NDCG@20: 0.456 | PosBrier: 0.6574
2026-03-11 18:17:40 - exp2b_flash_learned_pool - DEBUG -     Loss: 0.0022 | R@10: 0.870 | R@20: 0.925 | μR@10: 0.538 | P@10: 0.160 | NDCG@20: 0.474 | PosBrier: 0.6640
2026-03-11 18:19:54 - exp2b_flash_learned_pool - DEBUG -     Loss: 0.0023 | R@10: 0.852 | R@20: 0.906 | μR@10: 0.528 | P@10: 0.163 | NDCG@20: 0.451 | PosBrier: 0.6705
2026-03-11 18:22:19 - exp2b_flash_learned_pool - DEBUG -     Loss: 0.0020 | R@10: 0.850 | R@20: 0.922 | μR@10: 0.571 | P@10: 0.150 | NDCG@20: 0.455 | PosBrier: 0.6846
2026-03-11 18:24:36 - exp2b_flash_learned_pool - DEBUG -     Loss: 0.0022 | R@10: 0.835 | R@20: 0.915 | μR@10: 0.526 | P@10: 0.151 | NDCG@20: 0.445 | PosBrier: 0.6652
2026-03-11 18:26:45 - exp2b_flash_learned_pool - DEBUG -     Loss: 0.0024 | R@10: 0.852 | R@20: 0.916 | μR@10: 0.509 | P@10: 0.170 | NDCG@20: 0.455 | PosBrier: 0.6748
2026-03-11 18:28:55 - exp2b_flash_learned_pool - DEBUG -     Loss: 0.0023 | R@10: 0.845 | R@20: 0.916 | μR@10: 0.550 | P@10: 0.182 | NDCG@20: 0.467 | PosBrier: 0.6441
2026-03-11 18:31:15 - exp2b_flash_learned_pool - DEBUG -     Loss: 0.0023 | R@10: 0.837 | R@20: 0.913 | μR@10: 0.502 | P@10: 0.149 | NDCG@20: 0.453 | PosBrier: 0.6939
2026-03-11 18:33:30 - exp2b_flash_learned_pool - DEBUG -     Loss: 0.0022 | R@10: 0.861 | R@20: 0.918 | μR@10: 0.543 | P@10: 0.171 | NDCG@20: 0.474 | PosBrier: 0.6489
2026-03-11 18:35:46 - exp2b_flash_learned_pool - DEBUG -     Loss: 0.0024 | R@10: 0.860 | R@20: 0.920 | μR@10: 0.523 | P@10: 0.177 | NDCG@20: 0.465 | PosBrier: 0.6663
2026-03-11 18:38:01 - exp2b_flash_learned_pool - DEBUG -     Loss: 0.0028 | R@10: 0.826 | R@20: 0.896 | μR@10: 0.444 | P@10: 0.160 | NDCG@20: 0.419 | PosBrier: 0.7195
2026-03-11 18:40:12 - exp2b_flash_learned_pool - DEBUG -     Loss: 0.0022 | R@10: 0.850 | R@20: 0.921 | μR@10: 0.532 | P@10: 0.168 | NDCG@20: 0.460 | PosBrier: 0.6490
2026-03-11 18:42:26 - exp2b_flash_learned_pool - DEBUG -     Loss: 0.0020 | R@10: 0.860 | R@20: 0.917 | μR@10: 0.558 | P@10: 0.161 | NDCG@20: 0.468 | PosBrier: 0.6421
2026-03-11 18:44:40 - exp2b_flash_learned_pool - DEBUG -     Loss: 0.0022 | R@10: 0.841 | R@20: 0.917 | μR@10: 0.536 | P@10: 0.158 | NDCG@20: 0.453 | PosBrier: 0.6624
2026-03-11 18:46:53 - exp2b_flash_learned_pool - DEBUG -     Loss: 0.0024 | R@10: 0.837 | R@20: 0.905 | μR@10: 0.515 | P@10: 0.172 | NDCG@20: 0.447 | PosBrier: 0.6658
2026-03-11 18:49:09 - exp2b_flash_learned_pool - DEBUG -     Loss: 0.0023 | R@10: 0.840 | R@20: 0.916 | μR@10: 0.512 | P@10: 0.159 | NDCG@20: 0.455 | PosBrier: 0.6829
2026-03-11 18:51:27 - exp2b_flash_learned_pool - DEBUG -     Loss: 0.0023 | R@10: 0.850 | R@20: 0.914 | μR@10: 0.533 | P@10: 0.182 | NDCG@20: 0.460 | PosBrier: 0.6390
2026-03-11 18:53:40 - exp2b_flash_learned_pool - DEBUG -     Loss: 0.0026 | R@10: 0.847 | R@20: 0.919 | μR@10: 0.494 | P@10: 0.180 | NDCG@20: 0.459 | PosBrier: 0.6969
2026-03-11 18:55:52 - exp2b_flash_learned_pool - DEBUG -     Loss: 0.0022 | R@10: 0.819 | R@20: 0.902 | μR@10: 0.534 | P@10: 0.159 | NDCG@20: 0.437 | PosBrier: 0.6822
2026-03-11 18:58:12 - exp2b_flash_learned_pool - DEBUG -     Loss: 0.0024 | R@10: 0.853 | R@20: 0.921 | μR@10: 0.529 | P@10: 0.175 | NDCG@20: 0.459 | PosBrier: 0.6593
2026-03-11 19:00:26 - exp2b_flash_learned_pool - DEBUG -     Loss: 0.0020 | R@10: 0.872 | R@20: 0.920 | μR@10: 0.568 | P@10: 0.164 | NDCG@20: 0.478 | PosBrier: 0.6201
2026-03-11 19:02:38 - exp2b_flash_learned_pool - DEBUG -     Loss: 0.0024 | R@10: 0.838 | R@20: 0.916 | μR@10: 0.495 | P@10: 0.162 | NDCG@20: 0.443 | PosBrier: 0.6867
2026-03-11 19:04:50 - exp2b_flash_learned_pool - DEBUG -     Loss: 0.0025 | R@10: 0.844 | R@20: 0.909 | μR@10: 0.487 | P@10: 0.167 | NDCG@20: 0.440 | PosBrier: 0.6745
2026-03-11 19:07:02 - exp2b_flash_learned_pool - DEBUG -     Loss: 0.0022 | R@10: 0.845 | R@20: 0.914 | μR@10: 0.527 | P@10: 0.158 | NDCG@20: 0.459 | PosBrier: 0.6764
2026-03-11 19:09:24 - exp2b_flash_learned_pool - DEBUG -     Loss: 0.0022 | R@10: 0.848 | R@20: 0.920 | μR@10: 0.524 | P@10: 0.164 | NDCG@20: 0.466 | PosBrier: 0.6474
2026-03-11 19:11:38 - exp2b_flash_learned_pool - DEBUG -     Loss: 0.0024 | R@10: 0.842 | R@20: 0.907 | μR@10: 0.516 | P@10: 0.168 | NDCG@20: 0.451 | PosBrier: 0.6743
2026-03-11 19:13:58 - exp2b_flash_learned_pool - DEBUG -     Loss: 0.0018 | R@10: 0.858 | R@20: 0.929 | μR@10: 0.605 | P@10: 0.151 | NDCG@20: 0.462 | PosBrier: 0.6659
2026-03-11 19:16:17 - exp2b_flash_learned_pool - DEBUG -     Loss: 0.0026 | R@10: 0.836 | R@20: 0.912 | μR@10: 0.497 | P@10: 0.174 | NDCG@20: 0.446 | PosBrier: 0.6615
2026-03-11 19:18:32 - exp2b_flash_learned_pool - DEBUG -     Loss: 0.0022 | R@10: 0.825 | R@20: 0.901 | μR@10: 0.525 | P@10: 0.165 | NDCG@20: 0.450 | PosBrier: 0.6643
2026-03-11 19:20:48 - exp2b_flash_learned_pool - DEBUG -     Loss: 0.0022 | R@10: 0.844 | R@20: 0.908 | μR@10: 0.541 | P@10: 0.171 | NDCG@20: 0.458 | PosBrier: 0.6567
2026-03-11 19:23:06 - exp2b_flash_learned_pool - DEBUG -     Loss: 0.0021 | R@10: 0.857 | R@20: 0.927 | μR@10: 0.554 | P@10: 0.156 | NDCG@20: 0.458 | PosBrier: 0.6839
2026-03-11 19:25:21 - exp2b_flash_learned_pool - DEBUG -     Loss: 0.0023 | R@10: 0.841 | R@20: 0.906 | μR@10: 0.493 | P@10: 0.161 | NDCG@20: 0.447 | PosBrier: 0.6820
2026-03-11 19:27:37 - exp2b_flash_learned_pool - DEBUG -     Loss: 0.0025 | R@10: 0.847 | R@20: 0.914 | μR@10: 0.496 | P@10: 0.165 | NDCG@20: 0.437 | PosBrier: 0.7058
2026-03-11 19:29:54 - exp2b_flash_learned_pool - DEBUG -     Loss: 0.0022 | R@10: 0.847 | R@20: 0.904 | μR@10: 0.558 | P@10: 0.178 | NDCG@20: 0.451 | PosBrier: 0.6439
2026-03-11 19:32:12 - exp2b_flash_learned_pool - DEBUG -     Loss: 0.0022 | R@10: 0.856 | R@20: 0.915 | μR@10: 0.526 | P@10: 0.162 | NDCG@20: 0.459 | PosBrier: 0.6549
2026-03-11 19:34:32 - exp2b_flash_learned_pool - DEBUG -     Loss: 0.0025 | R@10: 0.846 | R@20: 0.908 | μR@10: 0.504 | P@10: 0.181 | NDCG@20: 0.453 | PosBrier: 0.6649
2026-03-11 19:36:52 - exp2b_flash_learned_pool - DEBUG -     Loss: 0.0018 | R@10: 0.856 | R@20: 0.928 | μR@10: 0.600 | P@10: 0.149 | NDCG@20: 0.462 | PosBrier: 0.6708
2026-03-11 19:39:05 - exp2b_flash_learned_pool - DEBUG -     Loss: 0.0022 | R@10: 0.855 | R@20: 0.919 | μR@10: 0.530 | P@10: 0.167 | NDCG@20: 0.456 | PosBrier: 0.6631
2026-03-11 19:41:19 - exp2b_flash_learned_pool - DEBUG -     Loss: 0.0021 | R@10: 0.856 | R@20: 0.919 | μR@10: 0.564 | P@10: 0.154 | NDCG@20: 0.472 | PosBrier: 0.6612
2026-03-11 19:43:34 - exp2b_flash_learned_pool - DEBUG -     Loss: 0.0021 | R@10: 0.856 | R@20: 0.925 | μR@10: 0.548 | P@10: 0.156 | NDCG@20: 0.458 | PosBrier: 0.6697
2026-03-11 19:45:53 - exp2b_flash_learned_pool - DEBUG -     Loss: 0.0021 | R@10: 0.840 | R@20: 0.920 | μR@10: 0.544 | P@10: 0.159 | NDCG@20: 0.450 | PosBrier: 0.6875
2026-03-11 19:48:02 - exp2b_flash_learned_pool - DEBUG -     Loss: 0.0023 | R@10: 0.856 | R@20: 0.924 | μR@10: 0.542 | P@10: 0.180 | NDCG@20: 0.458 | PosBrier: 0.6369
2026-03-11 19:50:23 - exp2b_flash_learned_pool - DEBUG -     Loss: 0.0025 | R@10: 0.844 | R@20: 0.918 | μR@10: 0.497 | P@10: 0.167 | NDCG@20: 0.451 | PosBrier: 0.6964
2026-03-11 19:52:38 - exp2b_flash_learned_pool - DEBUG -     Loss: 0.0025 | R@10: 0.830 | R@20: 0.897 | μR@10: 0.504 | P@10: 0.169 | NDCG@20: 0.445 | PosBrier: 0.6899
2026-03-11 19:54:59 - exp2b_flash_learned_pool - DEBUG -     Loss: 0.0023 | R@10: 0.809 | R@20: 0.902 | μR@10: 0.499 | P@10: 0.149 | NDCG@20: 0.445 | PosBrier: 0.6708
2026-03-11 19:57:15 - exp2b_flash_learned_pool - DEBUG -     Loss: 0.0023 | R@10: 0.852 | R@20: 0.919 | μR@10: 0.526 | P@10: 0.174 | NDCG@20: 0.457 | PosBrier: 0.6516
2026-03-11 19:59:36 - exp2b_flash_learned_pool - DEBUG -     Loss: 0.0022 | R@10: 0.851 | R@20: 0.922 | μR@10: 0.554 | P@10: 0.176 | NDCG@20: 0.470 | PosBrier: 0.6584
2026-03-11 20:01:52 - exp2b_flash_learned_pool - DEBUG -     Loss: 0.0022 | R@10: 0.847 | R@20: 0.918 | μR@10: 0.553 | P@10: 0.170 | NDCG@20: 0.471 | PosBrier: 0.6389
2026-03-11 20:04:08 - exp2b_flash_learned_pool - DEBUG -     Loss: 0.0020 | R@10: 0.838 | R@20: 0.918 | μR@10: 0.581 | P@10: 0.156 | NDCG@20: 0.448 | PosBrier: 0.6688
2026-03-11 20:06:18 - exp2b_flash_learned_pool - DEBUG -     Loss: 0.0024 | R@10: 0.847 | R@20: 0.908 | μR@10: 0.502 | P@10: 0.160 | NDCG@20: 0.446 | PosBrier: 0.6738
2026-03-11 20:08:34 - exp2b_flash_learned_pool - DEBUG -     Loss: 0.0024 | R@10: 0.869 | R@20: 0.929 | μR@10: 0.504 | P@10: 0.172 | NDCG@20: 0.472 | PosBrier: 0.6730
2026-03-11 20:10:45 - exp2b_flash_learned_pool - DEBUG -     Loss: 0.0025 | R@10: 0.815 | R@20: 0.886 | μR@10: 0.461 | P@10: 0.151 | NDCG@20: 0.421 | PosBrier: 0.7068
2026-03-11 20:13:05 - exp2b_flash_learned_pool - DEBUG -     Loss: 0.0022 | R@10: 0.852 | R@20: 0.916 | μR@10: 0.526 | P@10: 0.166 | NDCG@20: 0.454 | PosBrier: 0.6627
2026-03-11 20:15:23 - exp2b_flash_learned_pool - DEBUG -     Loss: 0.0022 | R@10: 0.819 | R@20: 0.892 | μR@10: 0.549 | P@10: 0.161 | NDCG@20: 0.446 | PosBrier: 0.6598
2026-03-11 20:17:40 - exp2b_flash_learned_pool - DEBUG -     Loss: 0.0026 | R@10: 0.858 | R@20: 0.912 | μR@10: 0.491 | P@10: 0.182 | NDCG@20: 0.461 | PosBrier: 0.6603
2026-03-11 20:19:54 - exp2b_flash_learned_pool - DEBUG -     Loss: 0.0024 | R@10: 0.843 | R@20: 0.905 | μR@10: 0.492 | P@10: 0.170 | NDCG@20: 0.455 | PosBrier: 0.6652
2026-03-11 20:22:13 - exp2b_flash_learned_pool - DEBUG -     Loss: 0.0021 | R@10: 0.845 | R@20: 0.918 | μR@10: 0.542 | P@10: 0.160 | NDCG@20: 0.457 | PosBrier: 0.6510
2026-03-11 20:24:27 - exp2b_flash_learned_pool - DEBUG -     Loss: 0.0025 | R@10: 0.829 | R@20: 0.905 | μR@10: 0.474 | P@10: 0.161 | NDCG@20: 0.440 | PosBrier: 0.6916
2026-03-11 20:26:44 - exp2b_flash_learned_pool - DEBUG -     Loss: 0.0022 | R@10: 0.841 | R@20: 0.910 | μR@10: 0.529 | P@10: 0.164 | NDCG@20: 0.460 | PosBrier: 0.6602
2026-03-11 20:29:08 - exp2b_flash_learned_pool - DEBUG -     Loss: 0.0019 | R@10: 0.824 | R@20: 0.919 | μR@10: 0.583 | P@10: 0.154 | NDCG@20: 0.436 | PosBrier: 0.6904
2026-03-11 20:31:35 - exp2b_flash_learned_pool - DEBUG -     Loss: 0.0021 | R@10: 0.849 | R@20: 0.917 | μR@10: 0.559 | P@10: 0.164 | NDCG@20: 0.462 | PosBrier: 0.6386
2026-03-11 20:34:04 - exp2b_flash_learned_pool - DEBUG -     Loss: 0.0018 | R@10: 0.845 | R@20: 0.927 | μR@10: 0.610 | P@10: 0.152 | NDCG@20: 0.455 | PosBrier: 0.6633
2026-03-11 20:36:24 - exp2b_flash_learned_pool - DEBUG -     Loss: 0.0024 | R@10: 0.848 | R@20: 0.910 | μR@10: 0.504 | P@10: 0.178 | NDCG@20: 0.452 | PosBrier: 0.6766
2026-03-11 20:38:49 - exp2b_flash_learned_pool - DEBUG -     Loss: 0.0022 | R@10: 0.852 | R@20: 0.917 | μR@10: 0.544 | P@10: 0.183 | NDCG@20: 0.478 | PosBrier: 0.6327
2026-03-11 20:41:04 - exp2b_flash_learned_pool - DEBUG -     Loss: 0.0021 | R@10: 0.883 | R@20: 0.933 | μR@10: 0.586 | P@10: 0.189 | NDCG@20: 0.501 | PosBrier: 0.5988
2026-03-11 20:43:24 - exp2b_flash_learned_pool - DEBUG -     Loss: 0.0021 | R@10: 0.850 | R@20: 0.927 | μR@10: 0.574 | P@10: 0.174 | NDCG@20: 0.472 | PosBrier: 0.6080
2026-03-11 20:45:43 - exp2b_flash_learned_pool - DEBUG -     Loss: 0.0021 | R@10: 0.863 | R@20: 0.921 | μR@10: 0.548 | P@10: 0.160 | NDCG@20: 0.466 | PosBrier: 0.6674
2026-03-11 20:48:00 - exp2b_flash_learned_pool - DEBUG -     Loss: 0.0022 | R@10: 0.864 | R@20: 0.927 | μR@10: 0.521 | P@10: 0.160 | NDCG@20: 0.456 | PosBrier: 0.6609
2026-03-11 20:50:15 - exp2b_flash_learned_pool - DEBUG -     Loss: 0.0026 | R@10: 0.841 | R@20: 0.913 | μR@10: 0.505 | P@10: 0.181 | NDCG@20: 0.447 | PosBrier: 0.6503
2026-03-11 20:52:34 - exp2b_flash_learned_pool - DEBUG -     Loss: 0.0022 | R@10: 0.844 | R@20: 0.910 | μR@10: 0.541 | P@10: 0.165 | NDCG@20: 0.455 | PosBrier: 0.6523
2026-03-11 20:54:50 - exp2b_flash_learned_pool - DEBUG -     Loss: 0.0020 | R@10: 0.854 | R@20: 0.918 | μR@10: 0.545 | P@10: 0.148 | NDCG@20: 0.451 | PosBrier: 0.6716
2026-03-11 20:57:03 - exp2b_flash_learned_pool - DEBUG -     Loss: 0.0022 | R@10: 0.851 | R@20: 0.921 | μR@10: 0.525 | P@10: 0.166 | NDCG@20: 0.462 | PosBrier: 0.6680
2026-03-11 20:59:22 - exp2b_flash_learned_pool - DEBUG -     Loss: 0.0023 | R@10: 0.854 | R@20: 0.912 | μR@10: 0.552 | P@10: 0.180 | NDCG@20: 0.473 | PosBrier: 0.6273
2026-03-11 21:01:41 - exp2b_flash_learned_pool - DEBUG -     Loss: 0.0022 | R@10: 0.863 | R@20: 0.921 | μR@10: 0.556 | P@10: 0.171 | NDCG@20: 0.468 | PosBrier: 0.6504
2026-03-11 21:04:02 - exp2b_flash_learned_pool - DEBUG -     Loss: 0.0020 | R@10: 0.845 | R@20: 0.923 | μR@10: 0.573 | P@10: 0.155 | NDCG@20: 0.452 | PosBrier: 0.6861
2026-03-11 21:06:29 - exp2b_flash_learned_pool - DEBUG -     Loss: 0.0022 | R@10: 0.869 | R@20: 0.924 | μR@10: 0.546 | P@10: 0.174 | NDCG@20: 0.467 | PosBrier: 0.6359
2026-03-11 21:08:42 - exp2b_flash_learned_pool - DEBUG -     Loss: 0.0022 | R@10: 0.868 | R@20: 0.925 | μR@10: 0.560 | P@10: 0.176 | NDCG@20: 0.466 | PosBrier: 0.6435
2026-03-11 21:10:58 - exp2b_flash_learned_pool - DEBUG -     Loss: 0.0023 | R@10: 0.844 | R@20: 0.912 | μR@10: 0.539 | P@10: 0.174 | NDCG@20: 0.453 | PosBrier: 0.6526
2026-03-11 21:13:17 - exp2b_flash_learned_pool - DEBUG -     Loss: 0.0024 | R@10: 0.845 | R@20: 0.914 | μR@10: 0.484 | P@10: 0.153 | NDCG@20: 0.449 | PosBrier: 0.6982
2026-03-11 21:15:45 - exp2b_flash_learned_pool - DEBUG -     Loss: 0.0021 | R@10: 0.848 | R@20: 0.918 | μR@10: 0.519 | P@10: 0.142 | NDCG@20: 0.454 | PosBrier: 0.6922
2026-03-11 21:18:03 - exp2b_flash_learned_pool - DEBUG -     Loss: 0.0022 | R@10: 0.849 | R@20: 0.910 | μR@10: 0.544 | P@10: 0.160 | NDCG@20: 0.462 | PosBrier: 0.6741
2026-03-11 21:20:13 - exp2b_flash_learned_pool - DEBUG -     Loss: 0.0020 | R@10: 0.841 | R@20: 0.906 | μR@10: 0.548 | P@10: 0.155 | NDCG@20: 0.454 | PosBrier: 0.6570
2026-03-11 21:22:30 - exp2b_flash_learned_pool - DEBUG -     Loss: 0.0019 | R@10: 0.858 | R@20: 0.930 | μR@10: 0.608 | P@10: 0.159 | NDCG@20: 0.467 | PosBrier: 0.6556
2026-03-11 21:24:47 - exp2b_flash_learned_pool - DEBUG -     Loss: 0.0019 | R@10: 0.849 | R@20: 0.928 | μR@10: 0.543 | P@10: 0.147 | NDCG@20: 0.452 | PosBrier: 0.6897
2026-03-11 21:27:08 - exp2b_flash_learned_pool - DEBUG -     Loss: 0.0024 | R@10: 0.853 | R@20: 0.915 | μR@10: 0.522 | P@10: 0.182 | NDCG@20: 0.461 | PosBrier: 0.6669
2026-03-11 21:29:29 - exp2b_flash_learned_pool - DEBUG -     Loss: 0.0022 | R@10: 0.850 | R@20: 0.921 | μR@10: 0.543 | P@10: 0.161 | NDCG@20: 0.459 | PosBrier: 0.6596
2026-03-11 21:31:43 - exp2b_flash_learned_pool - DEBUG -     Loss: 0.0022 | R@10: 0.858 | R@20: 0.918 | μR@10: 0.549 | P@10: 0.177 | NDCG@20: 0.455 | PosBrier: 0.6521
2026-03-11 21:33:57 - exp2b_flash_learned_pool - DEBUG -     Loss: 0.0024 | R@10: 0.812 | R@20: 0.907 | μR@10: 0.494 | P@10: 0.156 | NDCG@20: 0.431 | PosBrier: 0.6783
2026-03-11 21:36:16 - exp2b_flash_learned_pool - DEBUG -     Loss: 0.0025 | R@10: 0.852 | R@20: 0.923 | μR@10: 0.496 | P@10: 0.173 | NDCG@20: 0.449 | PosBrier: 0.6803
2026-03-11 21:38:30 - exp2b_flash_learned_pool - DEBUG -     Loss: 0.0020 | R@10: 0.840 | R@20: 0.908 | μR@10: 0.553 | P@10: 0.150 | NDCG@20: 0.457 | PosBrier: 0.6601
2026-03-11 21:40:45 - exp2b_flash_learned_pool - DEBUG -     Loss: 0.0021 | R@10: 0.870 | R@20: 0.935 | μR@10: 0.538 | P@10: 0.164 | NDCG@20: 0.468 | PosBrier: 0.6676
2026-03-11 21:43:01 - exp2b_flash_learned_pool - DEBUG -     Loss: 0.0023 | R@10: 0.868 | R@20: 0.922 | μR@10: 0.505 | P@10: 0.163 | NDCG@20: 0.463 | PosBrier: 0.6691
2026-03-11 21:45:24 - exp2b_flash_learned_pool - DEBUG -     Loss: 0.0023 | R@10: 0.884 | R@20: 0.930 | μR@10: 0.560 | P@10: 0.189 | NDCG@20: 0.487 | PosBrier: 0.6324
2026-03-11 21:47:45 - exp2b_flash_learned_pool - DEBUG -     Loss: 0.0023 | R@10: 0.837 | R@20: 0.912 | μR@10: 0.549 | P@10: 0.188 | NDCG@20: 0.459 | PosBrier: 0.6412
2026-03-11 21:50:03 - exp2b_flash_learned_pool - DEBUG -     Loss: 0.0024 | R@10: 0.866 | R@20: 0.930 | μR@10: 0.510 | P@10: 0.181 | NDCG@20: 0.481 | PosBrier: 0.6595
2026-03-11 21:52:32 - exp2b_flash_learned_pool - DEBUG -     Loss: 0.0026 | R@10: 0.861 | R@20: 0.930 | μR@10: 0.504 | P@10: 0.185 | NDCG@20: 0.470 | PosBrier: 0.6609
2026-03-11 21:54:44 - exp2b_flash_learned_pool - DEBUG -     Loss: 0.0021 | R@10: 0.853 | R@20: 0.915 | μR@10: 0.542 | P@10: 0.156 | NDCG@20: 0.460 | PosBrier: 0.6513
2026-03-11 21:56:57 - exp2b_flash_learned_pool - DEBUG -     Loss: 0.0021 | R@10: 0.845 | R@20: 0.909 | μR@10: 0.567 | P@10: 0.161 | NDCG@20: 0.463 | PosBrier: 0.6504
2026-03-11 21:59:10 - exp2b_flash_learned_pool - DEBUG -     Loss: 0.0022 | R@10: 0.826 | R@20: 0.899 | μR@10: 0.514 | P@10: 0.145 | NDCG@20: 0.446 | PosBrier: 0.6855
2026-03-11 22:01:29 - exp2b_flash_learned_pool - DEBUG -     Loss: 0.0023 | R@10: 0.853 | R@20: 0.931 | μR@10: 0.516 | P@10: 0.173 | NDCG@20: 0.462 | PosBrier: 0.6577
2026-03-11 22:03:45 - exp2b_flash_learned_pool - DEBUG -     Loss: 0.0023 | R@10: 0.874 | R@20: 0.929 | μR@10: 0.520 | P@10: 0.164 | NDCG@20: 0.473 | PosBrier: 0.6629
2026-03-11 22:06:00 - exp2b_flash_learned_pool - DEBUG -     Loss: 0.0021 | R@10: 0.850 | R@20: 0.916 | μR@10: 0.557 | P@10: 0.165 | NDCG@20: 0.461 | PosBrier: 0.6306
2026-03-11 22:08:21 - exp2b_flash_learned_pool - DEBUG -     Loss: 0.0026 | R@10: 0.843 | R@20: 0.912 | μR@10: 0.475 | P@10: 0.164 | NDCG@20: 0.437 | PosBrier: 0.6941
2026-03-11 22:10:38 - exp2b_flash_learned_pool - DEBUG -     Loss: 0.0022 | R@10: 0.852 | R@20: 0.924 | μR@10: 0.520 | P@10: 0.162 | NDCG@20: 0.450 | PosBrier: 0.6718
2026-03-11 22:12:54 - exp2b_flash_learned_pool - DEBUG -     Loss: 0.0023 | R@10: 0.858 | R@20: 0.912 | μR@10: 0.518 | P@10: 0.167 | NDCG@20: 0.459 | PosBrier: 0.6716
2026-03-11 22:15:05 - exp2b_flash_learned_pool - DEBUG -     Loss: 0.0024 | R@10: 0.827 | R@20: 0.895 | μR@10: 0.501 | P@10: 0.163 | NDCG@20: 0.439 | PosBrier: 0.6893
2026-03-11 22:17:24 - exp2b_flash_learned_pool - DEBUG -     Loss: 0.0023 | R@10: 0.819 | R@20: 0.891 | μR@10: 0.515 | P@10: 0.158 | NDCG@20: 0.437 | PosBrier: 0.6988
2026-03-11 22:19:43 - exp2b_flash_learned_pool - DEBUG -     Loss: 0.0025 | R@10: 0.846 | R@20: 0.910 | μR@10: 0.525 | P@10: 0.187 | NDCG@20: 0.463 | PosBrier: 0.6560
2026-03-11 22:21:59 - exp2b_flash_learned_pool - DEBUG -     Loss: 0.0025 | R@10: 0.845 | R@20: 0.917 | μR@10: 0.497 | P@10: 0.174 | NDCG@20: 0.448 | PosBrier: 0.6901
2026-03-11 22:24:14 - exp2b_flash_learned_pool - DEBUG -     Loss: 0.0023 | R@10: 0.841 | R@20: 0.905 | μR@10: 0.517 | P@10: 0.166 | NDCG@20: 0.446 | PosBrier: 0.6695
2026-03-11 22:26:41 - exp2b_flash_learned_pool - DEBUG -     Loss: 0.0019 | R@10: 0.843 | R@20: 0.922 | μR@10: 0.587 | P@10: 0.153 | NDCG@20: 0.448 | PosBrier: 0.6748
2026-03-11 22:29:05 - exp2b_flash_learned_pool - DEBUG -     Loss: 0.0022 | R@10: 0.857 | R@20: 0.928 | μR@10: 0.550 | P@10: 0.167 | NDCG@20: 0.469 | PosBrier: 0.6502
2026-03-11 22:31:21 - exp2b_flash_learned_pool - DEBUG -     Loss: 0.0018 | R@10: 0.854 | R@20: 0.927 | μR@10: 0.598 | P@10: 0.147 | NDCG@20: 0.457 | PosBrier: 0.6835
2026-03-11 22:33:41 - exp2b_flash_learned_pool - DEBUG -     Loss: 0.0020 | R@10: 0.857 | R@20: 0.918 | μR@10: 0.568 | P@10: 0.170 | NDCG@20: 0.475 | PosBrier: 0.6213
2026-03-11 22:36:01 - exp2b_flash_learned_pool - DEBUG -     Loss: 0.0018 | R@10: 0.864 | R@20: 0.931 | μR@10: 0.616 | P@10: 0.154 | NDCG@20: 0.471 | PosBrier: 0.6633
2026-03-11 22:38:23 - exp2b_flash_learned_pool - DEBUG -     Loss: 0.0024 | R@10: 0.861 | R@20: 0.913 | μR@10: 0.515 | P@10: 0.170 | NDCG@20: 0.457 | PosBrier: 0.6401
2026-03-11 22:40:38 - exp2b_flash_learned_pool - DEBUG -     Loss: 0.0020 | R@10: 0.861 | R@20: 0.922 | μR@10: 0.576 | P@10: 0.161 | NDCG@20: 0.471 | PosBrier: 0.6379
2026-03-11 22:42:55 - exp2b_flash_learned_pool - DEBUG -     Loss: 0.0023 | R@10: 0.859 | R@20: 0.925 | μR@10: 0.536 | P@10: 0.175 | NDCG@20: 0.464 | PosBrier: 0.6376
2026-03-11 22:45:20 - exp2b_flash_learned_pool - DEBUG -     Loss: 0.0023 | R@10: 0.842 | R@20: 0.912 | μR@10: 0.491 | P@10: 0.154 | NDCG@20: 0.459 | PosBrier: 0.6694
2026-03-11 22:47:49 - exp2b_flash_learned_pool - DEBUG -     Loss: 0.0023 | R@10: 0.850 | R@20: 0.910 | μR@10: 0.522 | P@10: 0.166 | NDCG@20: 0.458 | PosBrier: 0.6486
2026-03-11 22:50:06 - exp2b_flash_learned_pool - DEBUG -     Loss: 0.0019 | R@10: 0.859 | R@20: 0.929 | μR@10: 0.575 | P@10: 0.149 | NDCG@20: 0.461 | PosBrier: 0.6882
2026-03-11 22:52:21 - exp2b_flash_learned_pool - DEBUG -     Loss: 0.0022 | R@10: 0.857 | R@20: 0.924 | μR@10: 0.558 | P@10: 0.176 | NDCG@20: 0.473 | PosBrier: 0.6134
2026-03-11 22:54:35 - exp2b_flash_learned_pool - DEBUG -     Loss: 0.0021 | R@10: 0.873 | R@20: 0.928 | μR@10: 0.591 | P@10: 0.190 | NDCG@20: 0.485 | PosBrier: 0.5954
2026-03-11 22:56:51 - exp2b_flash_learned_pool - DEBUG -     Loss: 0.0024 | R@10: 0.855 | R@20: 0.922 | μR@10: 0.520 | P@10: 0.177 | NDCG@20: 0.464 | PosBrier: 0.6534
2026-03-11 22:59:09 - exp2b_flash_learned_pool - DEBUG -     Loss: 0.0024 | R@10: 0.833 | R@20: 0.908 | μR@10: 0.507 | P@10: 0.163 | NDCG@20: 0.445 | PosBrier: 0.6778
2026-03-11 23:01:22 - exp2b_flash_learned_pool - DEBUG -     Loss: 0.0022 | R@10: 0.825 | R@20: 0.900 | μR@10: 0.537 | P@10: 0.151 | NDCG@20: 0.440 | PosBrier: 0.6559
2026-03-11 23:03:34 - exp2b_flash_learned_pool - DEBUG -     Loss: 0.0023 | R@10: 0.834 | R@20: 0.906 | μR@10: 0.536 | P@10: 0.174 | NDCG@20: 0.449 | PosBrier: 0.6491
2026-03-11 23:05:51 - exp2b_flash_learned_pool - DEBUG -     Loss: 0.0021 | R@10: 0.848 | R@20: 0.916 | μR@10: 0.532 | P@10: 0.158 | NDCG@20: 0.462 | PosBrier: 0.6639
2026-03-11 23:08:03 - exp2b_flash_learned_pool - DEBUG -     Loss: 0.0022 | R@10: 0.861 | R@20: 0.920 | μR@10: 0.531 | P@10: 0.171 | NDCG@20: 0.467 | PosBrier: 0.6345
2026-03-11 23:10:25 - exp2b_flash_learned_pool - DEBUG -     Loss: 0.0021 | R@10: 0.867 | R@20: 0.911 | μR@10: 0.582 | P@10: 0.183 | NDCG@20: 0.478 | PosBrier: 0.6184
2026-03-11 23:12:37 - exp2b_flash_learned_pool - DEBUG -     Loss: 0.0022 | R@10: 0.853 | R@20: 0.919 | μR@10: 0.535 | P@10: 0.153 | NDCG@20: 0.452 | PosBrier: 0.6824
2026-03-11 23:14:59 - exp2b_flash_learned_pool - DEBUG -     Loss: 0.0020 | R@10: 0.849 | R@20: 0.924 | μR@10: 0.562 | P@10: 0.154 | NDCG@20: 0.454 | PosBrier: 0.6843
2026-03-11 23:17:13 - exp2b_flash_learned_pool - DEBUG -     Loss: 0.0022 | R@10: 0.855 | R@20: 0.922 | μR@10: 0.537 | P@10: 0.159 | NDCG@20: 0.462 | PosBrier: 0.6471
2026-03-11 23:19:26 - exp2b_flash_learned_pool - DEBUG -     Loss: 0.0024 | R@10: 0.869 | R@20: 0.927 | μR@10: 0.517 | P@10: 0.181 | NDCG@20: 0.467 | PosBrier: 0.6563
2026-03-11 23:21:41 - exp2b_flash_learned_pool - DEBUG -     Loss: 0.0022 | R@10: 0.862 | R@20: 0.929 | μR@10: 0.553 | P@10: 0.185 | NDCG@20: 0.486 | PosBrier: 0.6206
2026-03-11 23:23:57 - exp2b_flash_learned_pool - DEBUG -     Loss: 0.0022 | R@10: 0.859 | R@20: 0.922 | μR@10: 0.551 | P@10: 0.159 | NDCG@20: 0.468 | PosBrier: 0.6531
2026-03-11 23:26:13 - exp2b_flash_learned_pool - DEBUG -     Loss: 0.0023 | R@10: 0.842 | R@20: 0.910 | μR@10: 0.529 | P@10: 0.154 | NDCG@20: 0.450 | PosBrier: 0.6739
2026-03-11 23:28:24 - exp2b_flash_learned_pool - DEBUG -     Loss: 0.0023 | R@10: 0.860 | R@20: 0.922 | μR@10: 0.556 | P@10: 0.193 | NDCG@20: 0.478 | PosBrier: 0.6125
2026-03-11 23:30:32 - exp2b_flash_learned_pool - DEBUG -     Loss: 0.0020 | R@10: 0.859 | R@20: 0.922 | μR@10: 0.555 | P@10: 0.151 | NDCG@20: 0.477 | PosBrier: 0.6441
2026-03-11 23:32:50 - exp2b_flash_learned_pool - DEBUG -     Loss: 0.0024 | R@10: 0.845 | R@20: 0.919 | μR@10: 0.501 | P@10: 0.168 | NDCG@20: 0.458 | PosBrier: 0.6667
2026-03-11 23:35:04 - exp2b_flash_learned_pool - DEBUG -     Loss: 0.0024 | R@10: 0.850 | R@20: 0.913 | μR@10: 0.516 | P@10: 0.172 | NDCG@20: 0.451 | PosBrier: 0.6561
2026-03-11 23:37:14 - exp2b_flash_learned_pool - DEBUG -     Loss: 0.0020 | R@10: 0.857 | R@20: 0.916 | μR@10: 0.567 | P@10: 0.160 | NDCG@20: 0.467 | PosBrier: 0.6426
2026-03-11 23:39:29 - exp2b_flash_learned_pool - DEBUG -     Loss: 0.0021 | R@10: 0.847 | R@20: 0.914 | μR@10: 0.558 | P@10: 0.163 | NDCG@20: 0.466 | PosBrier: 0.6358
2026-03-11 23:41:47 - exp2b_flash_learned_pool - DEBUG -     Loss: 0.0023 | R@10: 0.867 | R@20: 0.932 | μR@10: 0.508 | P@10: 0.164 | NDCG@20: 0.460 | PosBrier: 0.6907
2026-03-11 23:44:05 - exp2b_flash_learned_pool - DEBUG -     Loss: 0.0021 | R@10: 0.863 | R@20: 0.923 | μR@10: 0.560 | P@10: 0.165 | NDCG@20: 0.488 | PosBrier: 0.6296
2026-03-11 23:46:31 - exp2b_flash_learned_pool - DEBUG -     Loss: 0.0017 | R@10: 0.861 | R@20: 0.935 | μR@10: 0.618 | P@10: 0.150 | NDCG@20: 0.460 | PosBrier: 0.6668
2026-03-11 23:48:47 - exp2b_flash_learned_pool - DEBUG -     Loss: 0.0024 | R@10: 0.841 | R@20: 0.923 | μR@10: 0.506 | P@10: 0.158 | NDCG@20: 0.452 | PosBrier: 0.7003
2026-03-11 23:51:00 - exp2b_flash_learned_pool - DEBUG -     Loss: 0.0021 | R@10: 0.871 | R@20: 0.930 | μR@10: 0.571 | P@10: 0.185 | NDCG@20: 0.487 | PosBrier: 0.6104
2026-03-11 23:53:21 - exp2b_flash_learned_pool - DEBUG -     Loss: 0.0021 | R@10: 0.853 | R@20: 0.912 | μR@10: 0.563 | P@10: 0.164 | NDCG@20: 0.463 | PosBrier: 0.6422
2026-03-11 23:55:35 - exp2b_flash_learned_pool - DEBUG -     Loss: 0.0021 | R@10: 0.848 | R@20: 0.922 | μR@10: 0.577 | P@10: 0.165 | NDCG@20: 0.467 | PosBrier: 0.6566
2026-03-11 23:57:45 - exp2b_flash_learned_pool - DEBUG -     Loss: 0.0024 | R@10: 0.843 | R@20: 0.912 | μR@10: 0.508 | P@10: 0.166 | NDCG@20: 0.450 | PosBrier: 0.6719
2026-03-12 00:00:03 - exp2b_flash_learned_pool - DEBUG -     Loss: 0.0022 | R@10: 0.862 | R@20: 0.921 | μR@10: 0.555 | P@10: 0.174 | NDCG@20: 0.477 | PosBrier: 0.6209
2026-03-12 00:02:20 - exp2b_flash_learned_pool - DEBUG -     Loss: 0.0020 | R@10: 0.851 | R@20: 0.926 | μR@10: 0.564 | P@10: 0.151 | NDCG@20: 0.456 | PosBrier: 0.6852
2026-03-12 00:04:36 - exp2b_flash_learned_pool - DEBUG -     Loss: 0.0023 | R@10: 0.869 | R@20: 0.921 | μR@10: 0.576 | P@10: 0.202 | NDCG@20: 0.489 | PosBrier: 0.6084
2026-03-12 00:06:52 - exp2b_flash_learned_pool - DEBUG -     Loss: 0.0022 | R@10: 0.871 | R@20: 0.922 | μR@10: 0.543 | P@10: 0.169 | NDCG@20: 0.465 | PosBrier: 0.6437
2026-03-12 00:09:06 - exp2b_flash_learned_pool - DEBUG -     Loss: 0.0020 | R@10: 0.872 | R@20: 0.924 | μR@10: 0.554 | P@10: 0.157 | NDCG@20: 0.470 | PosBrier: 0.6476
2026-03-12 00:11:30 - exp2b_flash_learned_pool - DEBUG -     Loss: 0.0017 | R@10: 0.843 | R@20: 0.919 | μR@10: 0.607 | P@10: 0.138 | NDCG@20: 0.453 | PosBrier: 0.6777
2026-03-12 00:13:46 - exp2b_flash_learned_pool - DEBUG -     Loss: 0.0022 | R@10: 0.863 | R@20: 0.925 | μR@10: 0.539 | P@10: 0.163 | NDCG@20: 0.469 | PosBrier: 0.6647
2026-03-12 00:16:00 - exp2b_flash_learned_pool - DEBUG -     Loss: 0.0021 | R@10: 0.866 | R@20: 0.921 | μR@10: 0.550 | P@10: 0.164 | NDCG@20: 0.468 | PosBrier: 0.6406
2026-03-12 00:18:11 - exp2b_flash_learned_pool - DEBUG -     Loss: 0.0024 | R@10: 0.842 | R@20: 0.903 | μR@10: 0.510 | P@10: 0.166 | NDCG@20: 0.444 | PosBrier: 0.6782
2026-03-12 00:20:24 - exp2b_flash_learned_pool - DEBUG -     Loss: 0.0023 | R@10: 0.833 | R@20: 0.910 | μR@10: 0.525 | P@10: 0.166 | NDCG@20: 0.446 | PosBrier: 0.6609
2026-03-12 00:22:45 - exp2b_flash_learned_pool - DEBUG -     Loss: 0.0019 | R@10: 0.858 | R@20: 0.932 | μR@10: 0.582 | P@10: 0.157 | NDCG@20: 0.463 | PosBrier: 0.6623
2026-03-12 00:24:55 - exp2b_flash_learned_pool - DEBUG -     Loss: 0.0020 | R@10: 0.856 | R@20: 0.918 | μR@10: 0.566 | P@10: 0.154 | NDCG@20: 0.473 | PosBrier: 0.6473
2026-03-12 00:27:07 - exp2b_flash_learned_pool - DEBUG -     Loss: 0.0023 | R@10: 0.835 | R@20: 0.921 | μR@10: 0.520 | P@10: 0.163 | NDCG@20: 0.454 | PosBrier: 0.6764
2026-03-12 00:29:25 - exp2b_flash_learned_pool - DEBUG -     Loss: 0.0022 | R@10: 0.857 | R@20: 0.923 | μR@10: 0.534 | P@10: 0.167 | NDCG@20: 0.461 | PosBrier: 0.6655
2026-03-12 00:31:36 - exp2b_flash_learned_pool - DEBUG -     Loss: 0.0020 | R@10: 0.841 | R@20: 0.907 | μR@10: 0.572 | P@10: 0.161 | NDCG@20: 0.464 | PosBrier: 0.6316
2026-03-12 00:33:53 - exp2b_flash_learned_pool - DEBUG -     Loss: 0.0023 | R@10: 0.852 | R@20: 0.923 | μR@10: 0.502 | P@10: 0.150 | NDCG@20: 0.446 | PosBrier: 0.6975
2026-03-12 00:36:12 - exp2b_flash_learned_pool - DEBUG -     Loss: 0.0023 | R@10: 0.832 | R@20: 0.907 | μR@10: 0.548 | P@10: 0.167 | NDCG@20: 0.454 | PosBrier: 0.6504
2026-03-12 00:38:25 - exp2b_flash_learned_pool - DEBUG -     Loss: 0.0023 | R@10: 0.850 | R@20: 0.912 | μR@10: 0.531 | P@10: 0.175 | NDCG@20: 0.461 | PosBrier: 0.6267
2026-03-12 00:40:41 - exp2b_flash_learned_pool - DEBUG -     Loss: 0.0020 | R@10: 0.835 | R@20: 0.917 | μR@10: 0.577 | P@10: 0.154 | NDCG@20: 0.444 | PosBrier: 0.6862
2026-03-12 00:42:55 - exp2b_flash_learned_pool - DEBUG -     Loss: 0.0023 | R@10: 0.838 | R@20: 0.910 | μR@10: 0.511 | P@10: 0.162 | NDCG@20: 0.460 | PosBrier: 0.6650
2026-03-12 00:45:14 - exp2b_flash_learned_pool - DEBUG -     Loss: 0.0019 | R@10: 0.854 | R@20: 0.929 | μR@10: 0.578 | P@10: 0.144 | NDCG@20: 0.454 | PosBrier: 0.6943
2026-03-12 00:47:32 - exp2b_flash_learned_pool - DEBUG -     Loss: 0.0022 | R@10: 0.865 | R@20: 0.928 | μR@10: 0.535 | P@10: 0.163 | NDCG@20: 0.459 | PosBrier: 0.6737
2026-03-12 00:49:53 - exp2b_flash_learned_pool - DEBUG -     Loss: 0.0023 | R@10: 0.852 | R@20: 0.910 | μR@10: 0.522 | P@10: 0.165 | NDCG@20: 0.458 | PosBrier: 0.6719
2026-03-12 00:52:08 - exp2b_flash_learned_pool - DEBUG -     Loss: 0.0022 | R@10: 0.831 | R@20: 0.915 | μR@10: 0.530 | P@10: 0.149 | NDCG@20: 0.443 | PosBrier: 0.6844
2026-03-12 00:54:26 - exp2b_flash_learned_pool - DEBUG -     Loss: 0.0020 | R@10: 0.856 | R@20: 0.925 | μR@10: 0.567 | P@10: 0.149 | NDCG@20: 0.460 | PosBrier: 0.6775
2026-03-12 00:56:46 - exp2b_flash_learned_pool - DEBUG -     Loss: 0.0021 | R@10: 0.841 | R@20: 0.919 | μR@10: 0.561 | P@10: 0.165 | NDCG@20: 0.468 | PosBrier: 0.6422
2026-03-12 00:59:01 - exp2b_flash_learned_pool - DEBUG -     Loss: 0.0026 | R@10: 0.840 | R@20: 0.916 | μR@10: 0.493 | P@10: 0.175 | NDCG@20: 0.447 | PosBrier: 0.6736
2026-03-12 01:01:19 - exp2b_flash_learned_pool - DEBUG -     Loss: 0.0022 | R@10: 0.840 | R@20: 0.919 | μR@10: 0.530 | P@10: 0.161 | NDCG@20: 0.448 | PosBrier: 0.6886
2026-03-12 01:03:34 - exp2b_flash_learned_pool - DEBUG -     Loss: 0.0022 | R@10: 0.850 | R@20: 0.909 | μR@10: 0.553 | P@10: 0.166 | NDCG@20: 0.467 | PosBrier: 0.6378
2026-03-12 01:05:48 - exp2b_flash_learned_pool - DEBUG -     Loss: 0.0023 | R@10: 0.847 | R@20: 0.914 | μR@10: 0.527 | P@10: 0.162 | NDCG@20: 0.462 | PosBrier: 0.6636
2026-03-12 01:08:05 - exp2b_flash_learned_pool - DEBUG -     Loss: 0.0025 | R@10: 0.822 | R@20: 0.889 | μR@10: 0.471 | P@10: 0.166 | NDCG@20: 0.430 | PosBrier: 0.6831
2026-03-12 01:10:22 - exp2b_flash_learned_pool - DEBUG -     Loss: 0.0021 | R@10: 0.861 | R@20: 0.924 | μR@10: 0.587 | P@10: 0.185 | NDCG@20: 0.483 | PosBrier: 0.6177
2026-03-12 01:12:37 - exp2b_flash_learned_pool - DEBUG -     Loss: 0.0022 | R@10: 0.852 | R@20: 0.914 | μR@10: 0.524 | P@10: 0.155 | NDCG@20: 0.451 | PosBrier: 0.6880
2026-03-12 01:14:51 - exp2b_flash_learned_pool - DEBUG -     Loss: 0.0027 | R@10: 0.842 | R@20: 0.914 | μR@10: 0.478 | P@10: 0.183 | NDCG@20: 0.443 | PosBrier: 0.6872
2026-03-12 01:17:09 - exp2b_flash_learned_pool - DEBUG -     Loss: 0.0022 | R@10: 0.842 | R@20: 0.910 | μR@10: 0.539 | P@10: 0.166 | NDCG@20: 0.457 | PosBrier: 0.6637
2026-03-12 01:19:23 - exp2b_flash_learned_pool - DEBUG -     Loss: 0.0023 | R@10: 0.850 | R@20: 0.912 | μR@10: 0.511 | P@10: 0.149 | NDCG@20: 0.457 | PosBrier: 0.7043
2026-03-12 01:21:44 - exp2b_flash_learned_pool - DEBUG -     Loss: 0.0021 | R@10: 0.869 | R@20: 0.929 | μR@10: 0.556 | P@10: 0.168 | NDCG@20: 0.476 | PosBrier: 0.6368
2026-03-12 01:23:53 - exp2b_flash_learned_pool - DEBUG -     Loss: 0.0023 | R@10: 0.862 | R@20: 0.924 | μR@10: 0.538 | P@10: 0.178 | NDCG@20: 0.462 | PosBrier: 0.6465
2026-03-12 01:26:18 - exp2b_flash_learned_pool - DEBUG -     Loss: 0.0023 | R@10: 0.858 | R@20: 0.924 | μR@10: 0.523 | P@10: 0.177 | NDCG@20: 0.464 | PosBrier: 0.6568
2026-03-12 01:28:33 - exp2b_flash_learned_pool - DEBUG -     Loss: 0.0021 | R@10: 0.870 | R@20: 0.928 | μR@10: 0.583 | P@10: 0.183 | NDCG@20: 0.481 | PosBrier: 0.6294
2026-03-12 01:30:46 - exp2b_flash_learned_pool - DEBUG -     Loss: 0.0021 | R@10: 0.855 | R@20: 0.924 | μR@10: 0.561 | P@10: 0.172 | NDCG@20: 0.473 | PosBrier: 0.6417
2026-03-12 01:32:58 - exp2b_flash_learned_pool - DEBUG -     Loss: 0.0023 | R@10: 0.844 | R@20: 0.908 | μR@10: 0.508 | P@10: 0.159 | NDCG@20: 0.439 | PosBrier: 0.6587
2026-03-12 01:35:11 - exp2b_flash_learned_pool - DEBUG -     Loss: 0.0024 | R@10: 0.839 | R@20: 0.903 | μR@10: 0.542 | P@10: 0.188 | NDCG@20: 0.465 | PosBrier: 0.6333
2026-03-12 01:37:24 - exp2b_flash_learned_pool - DEBUG -     Loss: 0.0024 | R@10: 0.842 | R@20: 0.916 | μR@10: 0.504 | P@10: 0.165 | NDCG@20: 0.452 | PosBrier: 0.6676
2026-03-12 01:39:39 - exp2b_flash_learned_pool - DEBUG -     Loss: 0.0019 | R@10: 0.845 | R@20: 0.918 | μR@10: 0.543 | P@10: 0.134 | NDCG@20: 0.463 | PosBrier: 0.6642
2026-03-12 01:41:52 - exp2b_flash_learned_pool - DEBUG -     Loss: 0.0022 | R@10: 0.835 | R@20: 0.915 | μR@10: 0.522 | P@10: 0.154 | NDCG@20: 0.454 | PosBrier: 0.6666
2026-03-12 01:44:02 - exp2b_flash_learned_pool - DEBUG -     Loss: 0.0021 | R@10: 0.849 | R@20: 0.917 | μR@10: 0.532 | P@10: 0.156 | NDCG@20: 0.451 | PosBrier: 0.6702
2026-03-12 01:46:17 - exp2b_flash_learned_pool - DEBUG -     Loss: 0.0024 | R@10: 0.848 | R@20: 0.920 | μR@10: 0.526 | P@10: 0.171 | NDCG@20: 0.447 | PosBrier: 0.6616
2026-03-12 01:48:35 - exp2b_flash_learned_pool - DEBUG -     Loss: 0.0022 | R@10: 0.843 | R@20: 0.918 | μR@10: 0.532 | P@10: 0.155 | NDCG@20: 0.448 | PosBrier: 0.6822
2026-03-12 01:50:50 - exp2b_flash_learned_pool - DEBUG -     Loss: 0.0023 | R@10: 0.841 | R@20: 0.915 | μR@10: 0.532 | P@10: 0.173 | NDCG@20: 0.455 | PosBrier: 0.6620
2026-03-12 01:53:10 - exp2b_flash_learned_pool - DEBUG -     Loss: 0.0023 | R@10: 0.855 | R@20: 0.923 | μR@10: 0.547 | P@10: 0.189 | NDCG@20: 0.460 | PosBrier: 0.6437
2026-03-12 01:55:24 - exp2b_flash_learned_pool - DEBUG -     Loss: 0.0024 | R@10: 0.838 | R@20: 0.910 | μR@10: 0.524 | P@10: 0.182 | NDCG@20: 0.451 | PosBrier: 0.6489
2026-03-12 01:57:41 - exp2b_flash_learned_pool - DEBUG -     Loss: 0.0024 | R@10: 0.857 | R@20: 0.921 | μR@10: 0.504 | P@10: 0.176 | NDCG@20: 0.454 | PosBrier: 0.6578
2026-03-12 01:59:53 - exp2b_flash_learned_pool - DEBUG -     Loss: 0.0023 | R@10: 0.848 | R@20: 0.915 | μR@10: 0.527 | P@10: 0.173 | NDCG@20: 0.462 | PosBrier: 0.6654
2026-03-12 02:02:07 - exp2b_flash_learned_pool - DEBUG -     Loss: 0.0024 | R@10: 0.829 | R@20: 0.903 | μR@10: 0.494 | P@10: 0.165 | NDCG@20: 0.441 | PosBrier: 0.6775
2026-03-12 02:04:23 - exp2b_flash_learned_pool - DEBUG -     Loss: 0.0023 | R@10: 0.851 | R@20: 0.916 | μR@10: 0.539 | P@10: 0.176 | NDCG@20: 0.463 | PosBrier: 0.6595
2026-03-12 02:06:40 - exp2b_flash_learned_pool - DEBUG -     Loss: 0.0021 | R@10: 0.863 | R@20: 0.929 | μR@10: 0.560 | P@10: 0.169 | NDCG@20: 0.471 | PosBrier: 0.6367
2026-03-12 02:08:58 - exp2b_flash_learned_pool - DEBUG -     Loss: 0.0023 | R@10: 0.853 | R@20: 0.916 | μR@10: 0.547 | P@10: 0.178 | NDCG@20: 0.461 | PosBrier: 0.6532
2026-03-12 02:11:09 - exp2b_flash_learned_pool - DEBUG -     Loss: 0.0023 | R@10: 0.855 | R@20: 0.913 | μR@10: 0.517 | P@10: 0.169 | NDCG@20: 0.461 | PosBrier: 0.6750
2026-03-12 02:13:19 - exp2b_flash_learned_pool - DEBUG -     Loss: 0.0023 | R@10: 0.836 | R@20: 0.906 | μR@10: 0.511 | P@10: 0.155 | NDCG@20: 0.443 | PosBrier: 0.6739
2026-03-12 02:15:39 - exp2b_flash_learned_pool - DEBUG -     Loss: 0.0022 | R@10: 0.878 | R@20: 0.935 | μR@10: 0.536 | P@10: 0.165 | NDCG@20: 0.477 | PosBrier: 0.6434
2026-03-12 02:17:56 - exp2b_flash_learned_pool - DEBUG -     Loss: 0.0022 | R@10: 0.856 | R@20: 0.915 | μR@10: 0.558 | P@10: 0.173 | NDCG@20: 0.464 | PosBrier: 0.6527
2026-03-12 02:20:17 - exp2b_flash_learned_pool - DEBUG -     Loss: 0.0021 | R@10: 0.852 | R@20: 0.917 | μR@10: 0.540 | P@10: 0.154 | NDCG@20: 0.462 | PosBrier: 0.6314
2026-03-12 02:22:34 - exp2b_flash_learned_pool - DEBUG -     Loss: 0.0023 | R@10: 0.828 | R@20: 0.898 | μR@10: 0.523 | P@10: 0.160 | NDCG@20: 0.447 | PosBrier: 0.6589
2026-03-12 02:24:56 - exp2b_flash_learned_pool - DEBUG -     Loss: 0.0023 | R@10: 0.843 | R@20: 0.903 | μR@10: 0.542 | P@10: 0.167 | NDCG@20: 0.456 | PosBrier: 0.6494
2026-03-12 02:27:10 - exp2b_flash_learned_pool - DEBUG -     Loss: 0.0022 | R@10: 0.858 | R@20: 0.917 | μR@10: 0.516 | P@10: 0.147 | NDCG@20: 0.464 | PosBrier: 0.6862
2026-03-12 02:29:26 - exp2b_flash_learned_pool - DEBUG -     Loss: 0.0024 | R@10: 0.873 | R@20: 0.927 | μR@10: 0.524 | P@10: 0.188 | NDCG@20: 0.474 | PosBrier: 0.6385
2026-03-12 02:31:57 - exp2b_flash_learned_pool - DEBUG -     Loss: 0.0020 | R@10: 0.874 | R@20: 0.934 | μR@10: 0.579 | P@10: 0.170 | NDCG@20: 0.487 | PosBrier: 0.6336
2026-03-12 02:34:24 - exp2b_flash_learned_pool - DEBUG -     Loss: 0.0021 | R@10: 0.848 | R@20: 0.916 | μR@10: 0.540 | P@10: 0.154 | NDCG@20: 0.454 | PosBrier: 0.6808
2026-03-12 02:36:44 - exp2b_flash_learned_pool - DEBUG -     Loss: 0.0020 | R@10: 0.856 | R@20: 0.925 | μR@10: 0.575 | P@10: 0.167 | NDCG@20: 0.469 | PosBrier: 0.6409
2026-03-12 02:38:58 - exp2b_flash_learned_pool - DEBUG -     Loss: 0.0021 | R@10: 0.861 | R@20: 0.929 | μR@10: 0.564 | P@10: 0.171 | NDCG@20: 0.473 | PosBrier: 0.6366
2026-03-12 02:41:11 - exp2b_flash_learned_pool - DEBUG -     Loss: 0.0023 | R@10: 0.851 | R@20: 0.916 | μR@10: 0.534 | P@10: 0.168 | NDCG@20: 0.461 | PosBrier: 0.6512
2026-03-12 02:43:26 - exp2b_flash_learned_pool - DEBUG -     Loss: 0.0020 | R@10: 0.875 | R@20: 0.934 | μR@10: 0.567 | P@10: 0.150 | NDCG@20: 0.476 | PosBrier: 0.6654
2026-03-12 02:45:36 - exp2b_flash_learned_pool - DEBUG -     Loss: 0.0024 | R@10: 0.849 | R@20: 0.918 | μR@10: 0.516 | P@10: 0.178 | NDCG@20: 0.458 | PosBrier: 0.6450
2026-03-12 02:47:48 - exp2b_flash_learned_pool - DEBUG -     Loss: 0.0024 | R@10: 0.847 | R@20: 0.910 | μR@10: 0.538 | P@10: 0.176 | NDCG@20: 0.457 | PosBrier: 0.6650
2026-03-12 02:50:11 - exp2b_flash_learned_pool - DEBUG -     Loss: 0.0021 | R@10: 0.860 | R@20: 0.917 | μR@10: 0.566 | P@10: 0.163 | NDCG@20: 0.497 | PosBrier: 0.6254
2026-03-12 02:52:34 - exp2b_flash_learned_pool - DEBUG -     Loss: 0.0020 | R@10: 0.853 | R@20: 0.925 | μR@10: 0.566 | P@10: 0.154 | NDCG@20: 0.461 | PosBrier: 0.6748
2026-03-12 02:54:46 - exp2b_flash_learned_pool - DEBUG -     Loss: 0.0021 | R@10: 0.860 | R@20: 0.920 | μR@10: 0.569 | P@10: 0.173 | NDCG@20: 0.476 | PosBrier: 0.6324
2026-03-12 02:57:19 - exp2b_flash_learned_pool - DEBUG -     Loss: 0.0020 | R@10: 0.851 | R@20: 0.927 | μR@10: 0.577 | P@10: 0.169 | NDCG@20: 0.455 | PosBrier: 0.6645
2026-03-12 02:59:36 - exp2b_flash_learned_pool - DEBUG -     Loss: 0.0024 | R@10: 0.838 | R@20: 0.904 | μR@10: 0.533 | P@10: 0.180 | NDCG@20: 0.465 | PosBrier: 0.6491
2026-03-12 03:01:53 - exp2b_flash_learned_pool - DEBUG -     Loss: 0.0023 | R@10: 0.864 | R@20: 0.925 | μR@10: 0.535 | P@10: 0.182 | NDCG@20: 0.461 | PosBrier: 0.6288
2026-03-12 03:04:10 - exp2b_flash_learned_pool - DEBUG -     Loss: 0.0023 | R@10: 0.859 | R@20: 0.918 | μR@10: 0.515 | P@10: 0.162 | NDCG@20: 0.461 | PosBrier: 0.6556
2026-03-12 03:06:34 - exp2b_flash_learned_pool - DEBUG -     Loss: 0.0024 | R@10: 0.838 | R@20: 0.907 | μR@10: 0.518 | P@10: 0.158 | NDCG@20: 0.442 | PosBrier: 0.6817
2026-03-12 03:08:49 - exp2b_flash_learned_pool - DEBUG -     Loss: 0.0019 | R@10: 0.867 | R@20: 0.927 | μR@10: 0.594 | P@10: 0.161 | NDCG@20: 0.483 | PosBrier: 0.6119
2026-03-12 03:11:05 - exp2b_flash_learned_pool - DEBUG -     Loss: 0.0025 | R@10: 0.820 | R@20: 0.899 | μR@10: 0.498 | P@10: 0.171 | NDCG@20: 0.432 | PosBrier: 0.6818
2026-03-12 03:13:25 - exp2b_flash_learned_pool - DEBUG -     Loss: 0.0022 | R@10: 0.881 | R@20: 0.939 | μR@10: 0.541 | P@10: 0.174 | NDCG@20: 0.481 | PosBrier: 0.6243
2026-03-12 03:15:46 - exp2b_flash_learned_pool - DEBUG -     Loss: 0.0021 | R@10: 0.842 | R@20: 0.910 | μR@10: 0.517 | P@10: 0.150 | NDCG@20: 0.461 | PosBrier: 0.6692
2026-03-12 03:18:09 - exp2b_flash_learned_pool - DEBUG -     Loss: 0.0019 | R@10: 0.852 | R@20: 0.928 | μR@10: 0.584 | P@10: 0.152 | NDCG@20: 0.459 | PosBrier: 0.6774
2026-03-12 03:20:28 - exp2b_flash_learned_pool - DEBUG -     Loss: 0.0022 | R@10: 0.852 | R@20: 0.924 | μR@10: 0.549 | P@10: 0.166 | NDCG@20: 0.471 | PosBrier: 0.6527
2026-03-12 03:22:48 - exp2b_flash_learned_pool - DEBUG -     Loss: 0.0021 | R@10: 0.858 | R@20: 0.919 | μR@10: 0.563 | P@10: 0.178 | NDCG@20: 0.471 | PosBrier: 0.6358
2026-03-12 03:25:05 - exp2b_flash_learned_pool - DEBUG -     Loss: 0.0022 | R@10: 0.865 | R@20: 0.919 | μR@10: 0.542 | P@10: 0.172 | NDCG@20: 0.470 | PosBrier: 0.6381
2026-03-12 03:27:27 - exp2b_flash_learned_pool - DEBUG -     Loss: 0.0023 | R@10: 0.844 | R@20: 0.921 | μR@10: 0.536 | P@10: 0.165 | NDCG@20: 0.453 | PosBrier: 0.6788
2026-03-12 03:29:45 - exp2b_flash_learned_pool - DEBUG -     Loss: 0.0025 | R@10: 0.827 | R@20: 0.899 | μR@10: 0.525 | P@10: 0.189 | NDCG@20: 0.450 | PosBrier: 0.6409
2026-03-12 03:32:04 - exp2b_flash_learned_pool - DEBUG -     Loss: 0.0020 | R@10: 0.856 | R@20: 0.927 | μR@10: 0.592 | P@10: 0.172 | NDCG@20: 0.470 | PosBrier: 0.6367
2026-03-12 03:34:32 - exp2b_flash_learned_pool - DEBUG -     Loss: 0.0020 | R@10: 0.868 | R@20: 0.928 | μR@10: 0.555 | P@10: 0.148 | NDCG@20: 0.473 | PosBrier: 0.6486
2026-03-12 03:36:52 - exp2b_flash_learned_pool - DEBUG -     Loss: 0.0020 | R@10: 0.849 | R@20: 0.919 | μR@10: 0.541 | P@10: 0.137 | NDCG@20: 0.457 | PosBrier: 0.6895
2026-03-12 03:39:13 - exp2b_flash_learned_pool - DEBUG -     Loss: 0.0021 | R@10: 0.858 | R@20: 0.921 | μR@10: 0.549 | P@10: 0.156 | NDCG@20: 0.459 | PosBrier: 0.6672
2026-03-12 03:41:32 - exp2b_flash_learned_pool - DEBUG -     Loss: 0.0022 | R@10: 0.855 | R@20: 0.924 | μR@10: 0.534 | P@10: 0.159 | NDCG@20: 0.459 | PosBrier: 0.6680
2026-03-12 03:43:47 - exp2b_flash_learned_pool - DEBUG -     Loss: 0.0022 | R@10: 0.840 | R@20: 0.913 | μR@10: 0.521 | P@10: 0.154 | NDCG@20: 0.446 | PosBrier: 0.6791
2026-03-12 03:46:09 - exp2b_flash_learned_pool - DEBUG -     Loss: 0.0019 | R@10: 0.860 | R@20: 0.927 | μR@10: 0.603 | P@10: 0.160 | NDCG@20: 0.476 | PosBrier: 0.6427
2026-03-12 03:48:28 - exp2b_flash_learned_pool - DEBUG -     Loss: 0.0022 | R@10: 0.841 | R@20: 0.909 | μR@10: 0.519 | P@10: 0.150 | NDCG@20: 0.447 | PosBrier: 0.6862
2026-03-12 03:50:45 - exp2b_flash_learned_pool - DEBUG -     Loss: 0.0023 | R@10: 0.858 | R@20: 0.919 | μR@10: 0.533 | P@10: 0.176 | NDCG@20: 0.458 | PosBrier: 0.6573
2026-03-12 03:53:04 - exp2b_flash_learned_pool - DEBUG -     Loss: 0.0020 | R@10: 0.861 | R@20: 0.922 | μR@10: 0.584 | P@10: 0.165 | NDCG@20: 0.475 | PosBrier: 0.6313
2026-03-12 03:55:21 - exp2b_flash_learned_pool - DEBUG -     Loss: 0.0023 | R@10: 0.846 | R@20: 0.916 | μR@10: 0.524 | P@10: 0.171 | NDCG@20: 0.459 | PosBrier: 0.6697
2026-03-12 03:57:38 - exp2b_flash_learned_pool - DEBUG -     Loss: 0.0023 | R@10: 0.862 | R@20: 0.926 | μR@10: 0.502 | P@10: 0.160 | NDCG@20: 0.459 | PosBrier: 0.6779
2026-03-12 03:59:58 - exp2b_flash_learned_pool - DEBUG -     Loss: 0.0019 | R@10: 0.851 | R@20: 0.928 | μR@10: 0.591 | P@10: 0.145 | NDCG@20: 0.454 | PosBrier: 0.6899
2026-03-12 04:02:17 - exp2b_flash_learned_pool - DEBUG -     Loss: 0.0024 | R@10: 0.860 | R@20: 0.912 | μR@10: 0.526 | P@10: 0.174 | NDCG@20: 0.460 | PosBrier: 0.6653
2026-03-12 04:04:38 - exp2b_flash_learned_pool - DEBUG -     Loss: 0.0023 | R@10: 0.858 | R@20: 0.921 | μR@10: 0.525 | P@10: 0.169 | NDCG@20: 0.469 | PosBrier: 0.6375
2026-03-12 04:07:01 - exp2b_flash_learned_pool - DEBUG -     Loss: 0.0024 | R@10: 0.831 | R@20: 0.904 | μR@10: 0.485 | P@10: 0.160 | NDCG@20: 0.439 | PosBrier: 0.6735
2026-03-12 04:09:21 - exp2b_flash_learned_pool - DEBUG -     Loss: 0.0021 | R@10: 0.852 | R@20: 0.926 | μR@10: 0.544 | P@10: 0.161 | NDCG@20: 0.456 | PosBrier: 0.6534
2026-03-12 04:11:36 - exp2b_flash_learned_pool - DEBUG -     Loss: 0.0022 | R@10: 0.836 | R@20: 0.921 | μR@10: 0.531 | P@10: 0.168 | NDCG@20: 0.457 | PosBrier: 0.6499
2026-03-12 04:14:04 - exp2b_flash_learned_pool - DEBUG -     Loss: 0.0018 | R@10: 0.838 | R@20: 0.926 | μR@10: 0.612 | P@10: 0.148 | NDCG@20: 0.447 | PosBrier: 0.6819
2026-03-12 04:16:22 - exp2b_flash_learned_pool - DEBUG -     Loss: 0.0022 | R@10: 0.867 | R@20: 0.931 | μR@10: 0.513 | P@10: 0.168 | NDCG@20: 0.468 | PosBrier: 0.6632
2026-03-12 04:18:36 - exp2b_flash_learned_pool - DEBUG -     Loss: 0.0022 | R@10: 0.840 | R@20: 0.912 | μR@10: 0.526 | P@10: 0.156 | NDCG@20: 0.455 | PosBrier: 0.6640
2026-03-12 04:20:54 - exp2b_flash_learned_pool - DEBUG -     Loss: 0.0025 | R@10: 0.847 | R@20: 0.918 | μR@10: 0.486 | P@10: 0.165 | NDCG@20: 0.445 | PosBrier: 0.6864
2026-03-12 04:23:10 - exp2b_flash_learned_pool - DEBUG -     Loss: 0.0021 | R@10: 0.847 | R@20: 0.917 | μR@10: 0.554 | P@10: 0.162 | NDCG@20: 0.458 | PosBrier: 0.6665
2026-03-12 04:25:30 - exp2b_flash_learned_pool - DEBUG -     Loss: 0.0023 | R@10: 0.850 | R@20: 0.912 | μR@10: 0.525 | P@10: 0.167 | NDCG@20: 0.465 | PosBrier: 0.6515
2026-03-12 04:27:51 - exp2b_flash_learned_pool - DEBUG -     Loss: 0.0018 | R@10: 0.859 | R@20: 0.934 | μR@10: 0.605 | P@10: 0.150 | NDCG@20: 0.468 | PosBrier: 0.6597
2026-03-12 04:30:13 - exp2b_flash_learned_pool - DEBUG -     Loss: 0.0020 | R@10: 0.842 | R@20: 0.913 | μR@10: 0.574 | P@10: 0.167 | NDCG@20: 0.468 | PosBrier: 0.6357
2026-03-12 04:32:33 - exp2b_flash_learned_pool - DEBUG -     Loss: 0.0024 | R@10: 0.842 | R@20: 0.916 | μR@10: 0.550 | P@10: 0.200 | NDCG@20: 0.473 | PosBrier: 0.6208
2026-03-12 04:34:46 - exp2b_flash_learned_pool - DEBUG -     Loss: 0.0023 | R@10: 0.856 | R@20: 0.923 | μR@10: 0.549 | P@10: 0.173 | NDCG@20: 0.475 | PosBrier: 0.6494
2026-03-12 04:36:57 - exp2b_flash_learned_pool - DEBUG -     Loss: 0.0026 | R@10: 0.840 | R@20: 0.905 | μR@10: 0.484 | P@10: 0.175 | NDCG@20: 0.445 | PosBrier: 0.6719
2026-03-12 04:39:13 - exp2b_flash_learned_pool - DEBUG -     Loss: 0.0020 | R@10: 0.865 | R@20: 0.929 | μR@10: 0.577 | P@10: 0.172 | NDCG@20: 0.477 | PosBrier: 0.6422
2026-03-12 04:41:29 - exp2b_flash_learned_pool - DEBUG -     Loss: 0.0023 | R@10: 0.878 | R@20: 0.930 | μR@10: 0.540 | P@10: 0.180 | NDCG@20: 0.477 | PosBrier: 0.6500
2026-03-12 04:43:48 - exp2b_flash_learned_pool - DEBUG -     Loss: 0.0021 | R@10: 0.821 | R@20: 0.910 | μR@10: 0.538 | P@10: 0.149 | NDCG@20: 0.447 | PosBrier: 0.6636
2026-03-12 04:46:09 - exp2b_flash_learned_pool - DEBUG -     Loss: 0.0023 | R@10: 0.876 | R@20: 0.932 | μR@10: 0.534 | P@10: 0.174 | NDCG@20: 0.464 | PosBrier: 0.6581
2026-03-12 04:48:22 - exp2b_flash_learned_pool - DEBUG -     Loss: 0.0021 | R@10: 0.848 | R@20: 0.922 | μR@10: 0.578 | P@10: 0.184 | NDCG@20: 0.473 | PosBrier: 0.6205
2026-03-12 04:50:38 - exp2b_flash_learned_pool - DEBUG -     Loss: 0.0022 | R@10: 0.866 | R@20: 0.926 | μR@10: 0.542 | P@10: 0.165 | NDCG@20: 0.467 | PosBrier: 0.6456
2026-03-12 04:52:57 - exp2b_flash_learned_pool - DEBUG -     Loss: 0.0020 | R@10: 0.862 | R@20: 0.934 | μR@10: 0.557 | P@10: 0.158 | NDCG@20: 0.469 | PosBrier: 0.6795
2026-03-12 04:55:17 - exp2b_flash_learned_pool - DEBUG -     Loss: 0.0022 | R@10: 0.850 | R@20: 0.921 | μR@10: 0.560 | P@10: 0.168 | NDCG@20: 0.467 | PosBrier: 0.6468
2026-03-12 04:57:30 - exp2b_flash_learned_pool - DEBUG -     Loss: 0.0024 | R@10: 0.859 | R@20: 0.915 | μR@10: 0.507 | P@10: 0.168 | NDCG@20: 0.458 | PosBrier: 0.6765
2026-03-12 04:59:48 - exp2b_flash_learned_pool - DEBUG -     Loss: 0.0022 | R@10: 0.861 | R@20: 0.930 | μR@10: 0.548 | P@10: 0.163 | NDCG@20: 0.463 | PosBrier: 0.6687
2026-03-12 05:02:03 - exp2b_flash_learned_pool - DEBUG -     Loss: 0.0022 | R@10: 0.860 | R@20: 0.925 | μR@10: 0.520 | P@10: 0.163 | NDCG@20: 0.464 | PosBrier: 0.6589
2026-03-12 05:04:16 - exp2b_flash_learned_pool - DEBUG -     Loss: 0.0023 | R@10: 0.847 | R@20: 0.906 | μR@10: 0.524 | P@10: 0.163 | NDCG@20: 0.463 | PosBrier: 0.6594
2026-03-12 05:06:31 - exp2b_flash_learned_pool - DEBUG -     Loss: 0.0021 | R@10: 0.863 | R@20: 0.932 | μR@10: 0.556 | P@10: 0.167 | NDCG@20: 0.470 | PosBrier: 0.6650
2026-03-12 05:08:43 - exp2b_flash_learned_pool - DEBUG -     Loss: 0.0021 | R@10: 0.869 | R@20: 0.928 | μR@10: 0.566 | P@10: 0.169 | NDCG@20: 0.480 | PosBrier: 0.6424
2026-03-12 05:10:53 - exp2b_flash_learned_pool - DEBUG -     Loss: 0.0022 | R@10: 0.848 | R@20: 0.923 | μR@10: 0.550 | P@10: 0.174 | NDCG@20: 0.467 | PosBrier: 0.6407
2026-03-12 05:13:06 - exp2b_flash_learned_pool - DEBUG -     Loss: 0.0021 | R@10: 0.856 | R@20: 0.912 | μR@10: 0.533 | P@10: 0.151 | NDCG@20: 0.456 | PosBrier: 0.6733
2026-03-12 05:15:21 - exp2b_flash_learned_pool - DEBUG -     Loss: 0.0024 | R@10: 0.870 | R@20: 0.925 | μR@10: 0.510 | P@10: 0.177 | NDCG@20: 0.472 | PosBrier: 0.6515
2026-03-12 05:17:32 - exp2b_flash_learned_pool - DEBUG -     Loss: 0.0024 | R@10: 0.850 | R@20: 0.912 | μR@10: 0.529 | P@10: 0.172 | NDCG@20: 0.466 | PosBrier: 0.6551
2026-03-12 05:19:48 - exp2b_flash_learned_pool - DEBUG -     Loss: 0.0022 | R@10: 0.872 | R@20: 0.929 | μR@10: 0.536 | P@10: 0.164 | NDCG@20: 0.469 | PosBrier: 0.6575
2026-03-12 05:22:08 - exp2b_flash_learned_pool - DEBUG -     Loss: 0.0020 | R@10: 0.860 | R@20: 0.933 | μR@10: 0.573 | P@10: 0.167 | NDCG@20: 0.479 | PosBrier: 0.6235
2026-03-12 05:24:14 - exp2b_flash_learned_pool - DEBUG -     Loss: 0.0022 | R@10: 0.841 | R@20: 0.910 | μR@10: 0.518 | P@10: 0.154 | NDCG@20: 0.450 | PosBrier: 0.6654
2026-03-12 05:26:23 - exp2b_flash_learned_pool - DEBUG -     Loss: 0.0023 | R@10: 0.845 | R@20: 0.911 | μR@10: 0.519 | P@10: 0.160 | NDCG@20: 0.456 | PosBrier: 0.6674
2026-03-12 05:28:32 - exp2b_flash_learned_pool - DEBUG -     Loss: 0.0024 | R@10: 0.844 | R@20: 0.909 | μR@10: 0.518 | P@10: 0.167 | NDCG@20: 0.452 | PosBrier: 0.6777
2026-03-12 05:30:51 - exp2b_flash_learned_pool - DEBUG -     Loss: 0.0021 | R@10: 0.871 | R@20: 0.932 | μR@10: 0.545 | P@10: 0.159 | NDCG@20: 0.468 | PosBrier: 0.6625
2026-03-12 05:33:09 - exp2b_flash_learned_pool - DEBUG -     Loss: 0.0024 | R@10: 0.848 | R@20: 0.909 | μR@10: 0.519 | P@10: 0.168 | NDCG@20: 0.456 | PosBrier: 0.6473
2026-03-12 05:35:27 - exp2b_flash_learned_pool - DEBUG -     Loss: 0.0022 | R@10: 0.841 | R@20: 0.919 | μR@10: 0.565 | P@10: 0.168 | NDCG@20: 0.463 | PosBrier: 0.6355
2026-03-12 05:37:41 - exp2b_flash_learned_pool - DEBUG -     Loss: 0.0021 | R@10: 0.863 | R@20: 0.919 | μR@10: 0.561 | P@10: 0.172 | NDCG@20: 0.473 | PosBrier: 0.6309
2026-03-12 05:39:59 - exp2b_flash_learned_pool - DEBUG -     Loss: 0.0023 | R@10: 0.854 | R@20: 0.916 | μR@10: 0.528 | P@10: 0.172 | NDCG@20: 0.468 | PosBrier: 0.6637
2026-03-12 05:42:12 - exp2b_flash_learned_pool - DEBUG -     Loss: 0.0021 | R@10: 0.874 | R@20: 0.923 | μR@10: 0.559 | P@10: 0.167 | NDCG@20: 0.472 | PosBrier: 0.6369
2026-03-12 05:44:28 - exp2b_flash_learned_pool - DEBUG -     Loss: 0.0021 | R@10: 0.870 | R@20: 0.921 | μR@10: 0.542 | P@10: 0.157 | NDCG@20: 0.473 | PosBrier: 0.6622
2026-03-12 05:46:45 - exp2b_flash_learned_pool - DEBUG -     Loss: 0.0021 | R@10: 0.853 | R@20: 0.921 | μR@10: 0.556 | P@10: 0.171 | NDCG@20: 0.459 | PosBrier: 0.6503
2026-03-12 05:49:00 - exp2b_flash_learned_pool - DEBUG -     Loss: 0.0020 | R@10: 0.864 | R@20: 0.924 | μR@10: 0.583 | P@10: 0.171 | NDCG@20: 0.485 | PosBrier: 0.6035
2026-03-12 05:51:16 - exp2b_flash_learned_pool - DEBUG -     Loss: 0.0025 | R@10: 0.831 | R@20: 0.909 | μR@10: 0.485 | P@10: 0.176 | NDCG@20: 0.453 | PosBrier: 0.6433
2026-03-12 05:53:29 - exp2b_flash_learned_pool - DEBUG -     Loss: 0.0025 | R@10: 0.860 | R@20: 0.924 | μR@10: 0.512 | P@10: 0.182 | NDCG@20: 0.460 | PosBrier: 0.6645
2026-03-12 05:55:45 - exp2b_flash_learned_pool - DEBUG -     Loss: 0.0021 | R@10: 0.840 | R@20: 0.907 | μR@10: 0.564 | P@10: 0.166 | NDCG@20: 0.463 | PosBrier: 0.6346
2026-03-12 05:57:58 - exp2b_flash_learned_pool - DEBUG -     Loss: 0.0023 | R@10: 0.854 | R@20: 0.924 | μR@10: 0.509 | P@10: 0.164 | NDCG@20: 0.456 | PosBrier: 0.6724
2026-03-12 06:00:09 - exp2b_flash_learned_pool - DEBUG -     Loss: 0.0024 | R@10: 0.866 | R@20: 0.927 | μR@10: 0.525 | P@10: 0.178 | NDCG@20: 0.461 | PosBrier: 0.6613
2026-03-12 06:02:24 - exp2b_flash_learned_pool - DEBUG -     Loss: 0.0025 | R@10: 0.864 | R@20: 0.922 | μR@10: 0.505 | P@10: 0.175 | NDCG@20: 0.457 | PosBrier: 0.6807
2026-03-12 06:04:44 - exp2b_flash_learned_pool - DEBUG -     Loss: 0.0024 | R@10: 0.834 | R@20: 0.909 | μR@10: 0.510 | P@10: 0.172 | NDCG@20: 0.447 | PosBrier: 0.6573
2026-03-12 06:07:01 - exp2b_flash_learned_pool - DEBUG -     Loss: 0.0022 | R@10: 0.855 | R@20: 0.917 | μR@10: 0.526 | P@10: 0.166 | NDCG@20: 0.454 | PosBrier: 0.6729
2026-03-12 06:09:29 - exp2b_flash_learned_pool - DEBUG -     Loss: 0.0018 | R@10: 0.846 | R@20: 0.924 | μR@10: 0.605 | P@10: 0.144 | NDCG@20: 0.458 | PosBrier: 0.6776
2026-03-12 06:11:47 - exp2b_flash_learned_pool - DEBUG -     Loss: 0.0019 | R@10: 0.854 | R@20: 0.927 | μR@10: 0.575 | P@10: 0.152 | NDCG@20: 0.457 | PosBrier: 0.6786
2026-03-12 06:13:58 - exp2b_flash_learned_pool - DEBUG -     Loss: 0.0022 | R@10: 0.841 | R@20: 0.909 | μR@10: 0.528 | P@10: 0.170 | NDCG@20: 0.456 | PosBrier: 0.6435
2026-03-12 06:16:13 - exp2b_flash_learned_pool - DEBUG -     Loss: 0.0020 | R@10: 0.867 | R@20: 0.932 | μR@10: 0.584 | P@10: 0.167 | NDCG@20: 0.472 | PosBrier: 0.6408
2026-03-12 06:18:30 - exp2b_flash_learned_pool - DEBUG -     Loss: 0.0024 | R@10: 0.865 | R@20: 0.928 | μR@10: 0.508 | P@10: 0.168 | NDCG@20: 0.473 | PosBrier: 0.6675
2026-03-12 06:20:48 - exp2b_flash_learned_pool - DEBUG -     Loss: 0.0020 | R@10: 0.844 | R@20: 0.905 | μR@10: 0.559 | P@10: 0.154 | NDCG@20: 0.475 | PosBrier: 0.6446
2026-03-12 06:23:08 - exp2b_flash_learned_pool - DEBUG -     Loss: 0.0022 | R@10: 0.875 | R@20: 0.929 | μR@10: 0.559 | P@10: 0.183 | NDCG@20: 0.475 | PosBrier: 0.6319
2026-03-12 06:25:23 - exp2b_flash_learned_pool - DEBUG -     Loss: 0.0021 | R@10: 0.839 | R@20: 0.912 | μR@10: 0.524 | P@10: 0.147 | NDCG@20: 0.455 | PosBrier: 0.6705
2026-03-12 06:27:42 - exp2b_flash_learned_pool - DEBUG -     Loss: 0.0019 | R@10: 0.843 | R@20: 0.928 | μR@10: 0.588 | P@10: 0.152 | NDCG@20: 0.450 | PosBrier: 0.6768
2026-03-12 06:29:56 - exp2b_flash_learned_pool - DEBUG -     Loss: 0.0024 | R@10: 0.857 | R@20: 0.915 | μR@10: 0.498 | P@10: 0.161 | NDCG@20: 0.462 | PosBrier: 0.6751
2026-03-12 06:32:08 - exp2b_flash_learned_pool - DEBUG -     Loss: 0.0023 | R@10: 0.866 | R@20: 0.926 | μR@10: 0.536 | P@10: 0.168 | NDCG@20: 0.464 | PosBrier: 0.6386
2026-03-12 06:34:19 - exp2b_flash_learned_pool - DEBUG -     Loss: 0.0021 | R@10: 0.851 | R@20: 0.920 | μR@10: 0.579 | P@10: 0.190 | NDCG@20: 0.485 | PosBrier: 0.6010
2026-03-12 06:36:33 - exp2b_flash_learned_pool - DEBUG -     Loss: 0.0022 | R@10: 0.885 | R@20: 0.934 | μR@10: 0.572 | P@10: 0.199 | NDCG@20: 0.502 | PosBrier: 0.6005
2026-03-12 06:38:48 - exp2b_flash_learned_pool - DEBUG -     Loss: 0.0022 | R@10: 0.873 | R@20: 0.926 | μR@10: 0.538 | P@10: 0.169 | NDCG@20: 0.477 | PosBrier: 0.6539
2026-03-12 06:41:04 - exp2b_flash_learned_pool - DEBUG -     Loss: 0.0025 | R@10: 0.861 | R@20: 0.924 | μR@10: 0.516 | P@10: 0.171 | NDCG@20: 0.458 | PosBrier: 0.6670
2026-03-12 06:43:21 - exp2b_flash_learned_pool - DEBUG -     Loss: 0.0023 | R@10: 0.847 | R@20: 0.910 | μR@10: 0.527 | P@10: 0.162 | NDCG@20: 0.457 | PosBrier: 0.6720
2026-03-12 06:45:36 - exp2b_flash_learned_pool - DEBUG -     Loss: 0.0024 | R@10: 0.857 | R@20: 0.921 | μR@10: 0.534 | P@10: 0.178 | NDCG@20: 0.467 | PosBrier: 0.6511
2026-03-12 06:47:49 - exp2b_flash_learned_pool - DEBUG -     Loss: 0.0021 | R@10: 0.870 | R@20: 0.925 | μR@10: 0.552 | P@10: 0.168 | NDCG@20: 0.483 | PosBrier: 0.6384
2026-03-12 06:50:04 - exp2b_flash_learned_pool - DEBUG -     Loss: 0.0023 | R@10: 0.860 | R@20: 0.917 | μR@10: 0.523 | P@10: 0.172 | NDCG@20: 0.473 | PosBrier: 0.6574
2026-03-12 06:52:24 - exp2b_flash_learned_pool - DEBUG -     Loss: 0.0022 | R@10: 0.858 | R@20: 0.924 | μR@10: 0.558 | P@10: 0.183 | NDCG@20: 0.475 | PosBrier: 0.6303
2026-03-12 06:54:42 - exp2b_flash_learned_pool - DEBUG -     Loss: 0.0021 | R@10: 0.874 | R@20: 0.925 | μR@10: 0.561 | P@10: 0.171 | NDCG@20: 0.473 | PosBrier: 0.6282
2026-03-12 06:56:58 - exp2b_flash_learned_pool - DEBUG -     Loss: 0.0019 | R@10: 0.841 | R@20: 0.923 | μR@10: 0.578 | P@10: 0.153 | NDCG@20: 0.454 | PosBrier: 0.6718
2026-03-12 06:59:12 - exp2b_flash_learned_pool - DEBUG -     Loss: 0.0024 | R@10: 0.861 | R@20: 0.924 | μR@10: 0.514 | P@10: 0.169 | NDCG@20: 0.453 | PosBrier: 0.6564
2026-03-12 07:01:23 - exp2b_flash_learned_pool - DEBUG -     Loss: 0.0023 | R@10: 0.858 | R@20: 0.919 | μR@10: 0.532 | P@10: 0.183 | NDCG@20: 0.467 | PosBrier: 0.6359
2026-03-12 07:03:42 - exp2b_flash_learned_pool - DEBUG -     Loss: 0.0023 | R@10: 0.862 | R@20: 0.924 | μR@10: 0.550 | P@10: 0.174 | NDCG@20: 0.473 | PosBrier: 0.6502
2026-03-12 07:06:02 - exp2b_flash_learned_pool - DEBUG -     Loss: 0.0022 | R@10: 0.855 | R@20: 0.919 | μR@10: 0.536 | P@10: 0.167 | NDCG@20: 0.464 | PosBrier: 0.6512
2026-03-12 07:08:21 - exp2b_flash_learned_pool - DEBUG -     Loss: 0.0020 | R@10: 0.852 | R@20: 0.915 | μR@10: 0.542 | P@10: 0.147 | NDCG@20: 0.459 | PosBrier: 0.6883
2026-03-12 07:10:36 - exp2b_flash_learned_pool - DEBUG -     Loss: 0.0019 | R@10: 0.887 | R@20: 0.945 | μR@10: 0.638 | P@10: 0.170 | NDCG@20: 0.506 | PosBrier: 0.5816
2026-03-12 07:12:52 - exp2b_flash_learned_pool - DEBUG -     Loss: 0.0021 | R@10: 0.866 | R@20: 0.925 | μR@10: 0.560 | P@10: 0.163 | NDCG@20: 0.477 | PosBrier: 0.6366
2026-03-12 07:15:17 - exp2b_flash_learned_pool - DEBUG -     Loss: 0.0019 | R@10: 0.862 | R@20: 0.937 | μR@10: 0.587 | P@10: 0.153 | NDCG@20: 0.467 | PosBrier: 0.6859
2026-03-12 07:17:35 - exp2b_flash_learned_pool - DEBUG -     Loss: 0.0021 | R@10: 0.863 | R@20: 0.936 | μR@10: 0.553 | P@10: 0.172 | NDCG@20: 0.486 | PosBrier: 0.6157
2026-03-12 07:19:52 - exp2b_flash_learned_pool - DEBUG -     Loss: 0.0021 | R@10: 0.873 | R@20: 0.925 | μR@10: 0.562 | P@10: 0.167 | NDCG@20: 0.494 | PosBrier: 0.6272
2026-03-12 07:22:10 - exp2b_flash_learned_pool - DEBUG -     Loss: 0.0022 | R@10: 0.873 | R@20: 0.932 | μR@10: 0.561 | P@10: 0.191 | NDCG@20: 0.490 | PosBrier: 0.6087
2026-03-12 07:24:33 - exp2b_flash_learned_pool - DEBUG -     Loss: 0.0022 | R@10: 0.855 | R@20: 0.914 | μR@10: 0.537 | P@10: 0.163 | NDCG@20: 0.465 | PosBrier: 0.6693
2026-03-12 07:26:53 - exp2b_flash_learned_pool - DEBUG -     Loss: 0.0018 | R@10: 0.849 | R@20: 0.928 | μR@10: 0.615 | P@10: 0.150 | NDCG@20: 0.462 | PosBrier: 0.6648
2026-03-12 07:29:13 - exp2b_flash_learned_pool - DEBUG -     Loss: 0.0025 | R@10: 0.839 | R@20: 0.917 | μR@10: 0.494 | P@10: 0.178 | NDCG@20: 0.454 | PosBrier: 0.6452
2026-03-12 07:31:28 - exp2b_flash_learned_pool - DEBUG -     Loss: 0.0021 | R@10: 0.853 | R@20: 0.916 | μR@10: 0.570 | P@10: 0.164 | NDCG@20: 0.473 | PosBrier: 0.6294
2026-03-12 07:33:52 - exp2b_flash_learned_pool - DEBUG -     Loss: 0.0019 | R@10: 0.852 | R@20: 0.923 | μR@10: 0.592 | P@10: 0.163 | NDCG@20: 0.483 | PosBrier: 0.6221
2026-03-12 07:36:10 - exp2b_flash_learned_pool - DEBUG -     Loss: 0.0024 | R@10: 0.832 | R@20: 0.923 | μR@10: 0.483 | P@10: 0.154 | NDCG@20: 0.439 | PosBrier: 0.7025
2026-03-12 07:38:25 - exp2b_flash_learned_pool - DEBUG -     Loss: 0.0024 | R@10: 0.836 | R@20: 0.904 | μR@10: 0.497 | P@10: 0.172 | NDCG@20: 0.458 | PosBrier: 0.6544
2026-03-12 07:40:46 - exp2b_flash_learned_pool - DEBUG -     Loss: 0.0022 | R@10: 0.863 | R@20: 0.924 | μR@10: 0.503 | P@10: 0.154 | NDCG@20: 0.462 | PosBrier: 0.6622
2026-03-12 07:43:00 - exp2b_flash_learned_pool - DEBUG -     Loss: 0.0021 | R@10: 0.864 | R@20: 0.915 | μR@10: 0.561 | P@10: 0.164 | NDCG@20: 0.480 | PosBrier: 0.6315
2026-03-12 07:45:26 - exp2b_flash_learned_pool - DEBUG -     Loss: 0.0019 | R@10: 0.859 | R@20: 0.927 | μR@10: 0.589 | P@10: 0.159 | NDCG@20: 0.470 | PosBrier: 0.6598
2026-03-12 07:47:42 - exp2b_flash_learned_pool - DEBUG -     Loss: 0.0019 | R@10: 0.842 | R@20: 0.916 | μR@10: 0.594 | P@10: 0.154 | NDCG@20: 0.463 | PosBrier: 0.6713
2026-03-12 07:50:04 - exp2b_flash_learned_pool - DEBUG -     Loss: 0.0017 | R@10: 0.856 | R@20: 0.935 | μR@10: 0.623 | P@10: 0.152 | NDCG@20: 0.460 | PosBrier: 0.6655
2026-03-12 07:52:19 - exp2b_flash_learned_pool - DEBUG -     Loss: 0.0022 | R@10: 0.838 | R@20: 0.908 | μR@10: 0.518 | P@10: 0.157 | NDCG@20: 0.459 | PosBrier: 0.6671
2026-03-12 07:54:34 - exp2b_flash_learned_pool - DEBUG -     Loss: 0.0024 | R@10: 0.862 | R@20: 0.923 | μR@10: 0.519 | P@10: 0.176 | NDCG@20: 0.463 | PosBrier: 0.6570
2026-03-12 07:56:51 - exp2b_flash_learned_pool - DEBUG -     Loss: 0.0022 | R@10: 0.846 | R@20: 0.917 | μR@10: 0.534 | P@10: 0.163 | NDCG@20: 0.457 | PosBrier: 0.6434
2026-03-12 07:59:08 - exp2b_flash_learned_pool - DEBUG -     Loss: 0.0019 | R@10: 0.863 | R@20: 0.926 | μR@10: 0.600 | P@10: 0.165 | NDCG@20: 0.474 | PosBrier: 0.6297
2026-03-12 08:01:21 - exp2b_flash_learned_pool - DEBUG -     Loss: 0.0020 | R@10: 0.863 | R@20: 0.922 | μR@10: 0.565 | P@10: 0.157 | NDCG@20: 0.464 | PosBrier: 0.6482
2026-03-12 08:03:36 - exp2b_flash_learned_pool - DEBUG -     Loss: 0.0022 | R@10: 0.850 | R@20: 0.923 | μR@10: 0.543 | P@10: 0.179 | NDCG@20: 0.475 | PosBrier: 0.6241
2026-03-12 08:05:50 - exp2b_flash_learned_pool - DEBUG -     Loss: 0.0023 | R@10: 0.842 | R@20: 0.901 | μR@10: 0.535 | P@10: 0.182 | NDCG@20: 0.458 | PosBrier: 0.6494
2026-03-12 08:08:03 - exp2b_flash_learned_pool - DEBUG -     Loss: 0.0020 | R@10: 0.871 | R@20: 0.929 | μR@10: 0.598 | P@10: 0.183 | NDCG@20: 0.484 | PosBrier: 0.5925
2026-03-12 08:10:16 - exp2b_flash_learned_pool - DEBUG -     Loss: 0.0023 | R@10: 0.853 | R@20: 0.915 | μR@10: 0.536 | P@10: 0.179 | NDCG@20: 0.461 | PosBrier: 0.6439
2026-03-12 08:12:32 - exp2b_flash_learned_pool - DEBUG -     Loss: 0.0022 | R@10: 0.873 | R@20: 0.932 | μR@10: 0.555 | P@10: 0.193 | NDCG@20: 0.487 | PosBrier: 0.6094
2026-03-12 08:14:49 - exp2b_flash_learned_pool - DEBUG -     Loss: 0.0023 | R@10: 0.843 | R@20: 0.916 | μR@10: 0.505 | P@10: 0.161 | NDCG@20: 0.463 | PosBrier: 0.6804
2026-03-12 08:17:01 - exp2b_flash_learned_pool - DEBUG -     Loss: 0.0023 | R@10: 0.857 | R@20: 0.919 | μR@10: 0.531 | P@10: 0.173 | NDCG@20: 0.468 | PosBrier: 0.6323
2026-03-12 08:19:14 - exp2b_flash_learned_pool - DEBUG -     Loss: 0.0021 | R@10: 0.852 | R@20: 0.919 | μR@10: 0.549 | P@10: 0.169 | NDCG@20: 0.470 | PosBrier: 0.6461
2026-03-12 08:21:37 - exp2b_flash_learned_pool - DEBUG -     Loss: 0.0023 | R@10: 0.854 | R@20: 0.927 | μR@10: 0.535 | P@10: 0.167 | NDCG@20: 0.463 | PosBrier: 0.6670
2026-03-12 08:23:50 - exp2b_flash_learned_pool - DEBUG -     Loss: 0.0019 | R@10: 0.864 | R@20: 0.923 | μR@10: 0.558 | P@10: 0.148 | NDCG@20: 0.474 | PosBrier: 0.6548
2026-03-12 08:26:09 - exp2b_flash_learned_pool - DEBUG -     Loss: 0.0019 | R@10: 0.866 | R@20: 0.926 | μR@10: 0.608 | P@10: 0.167 | NDCG@20: 0.483 | PosBrier: 0.6207
2026-03-12 08:28:24 - exp2b_flash_learned_pool - DEBUG -     Loss: 0.0024 | R@10: 0.840 | R@20: 0.915 | μR@10: 0.507 | P@10: 0.168 | NDCG@20: 0.443 | PosBrier: 0.6656
2026-03-12 08:30:41 - exp2b_flash_learned_pool - DEBUG -     Loss: 0.0025 | R@10: 0.845 | R@20: 0.915 | μR@10: 0.493 | P@10: 0.159 | NDCG@20: 0.444 | PosBrier: 0.6879
2026-03-12 08:32:48 - exp2b_flash_learned_pool - DEBUG -     Loss: 0.0025 | R@10: 0.862 | R@20: 0.931 | μR@10: 0.503 | P@10: 0.188 | NDCG@20: 0.465 | PosBrier: 0.6601
2026-03-12 08:35:06 - exp2b_flash_learned_pool - DEBUG -     Loss: 0.0022 | R@10: 0.855 | R@20: 0.913 | μR@10: 0.527 | P@10: 0.163 | NDCG@20: 0.455 | PosBrier: 0.6827
2026-03-12 08:37:24 - exp2b_flash_learned_pool - DEBUG -     Loss: 0.0023 | R@10: 0.859 | R@20: 0.919 | μR@10: 0.540 | P@10: 0.187 | NDCG@20: 0.485 | PosBrier: 0.6304
2026-03-12 08:39:40 - exp2b_flash_learned_pool - DEBUG -     Loss: 0.0021 | R@10: 0.862 | R@20: 0.919 | μR@10: 0.574 | P@10: 0.185 | NDCG@20: 0.476 | PosBrier: 0.5852
2026-03-12 08:41:53 - exp2b_flash_learned_pool - DEBUG -     Loss: 0.0019 | R@10: 0.858 | R@20: 0.931 | μR@10: 0.574 | P@10: 0.148 | NDCG@20: 0.462 | PosBrier: 0.6775
2026-03-12 08:44:10 - exp2b_flash_learned_pool - DEBUG -     Loss: 0.0023 | R@10: 0.848 | R@20: 0.910 | μR@10: 0.515 | P@10: 0.173 | NDCG@20: 0.466 | PosBrier: 0.6465
2026-03-12 08:46:26 - exp2b_flash_learned_pool - DEBUG -     Loss: 0.0022 | R@10: 0.858 | R@20: 0.928 | μR@10: 0.555 | P@10: 0.175 | NDCG@20: 0.491 | PosBrier: 0.6159
2026-03-12 08:48:38 - exp2b_flash_learned_pool - DEBUG -     Loss: 0.0021 | R@10: 0.851 | R@20: 0.921 | μR@10: 0.550 | P@10: 0.169 | NDCG@20: 0.466 | PosBrier: 0.6360
2026-03-12 08:50:54 - exp2b_flash_learned_pool - DEBUG -     Loss: 0.0020 | R@10: 0.843 | R@20: 0.922 | μR@10: 0.567 | P@10: 0.151 | NDCG@20: 0.457 | PosBrier: 0.6813
2026-03-12 08:53:09 - exp2b_flash_learned_pool - DEBUG -     Loss: 0.0022 | R@10: 0.834 | R@20: 0.909 | μR@10: 0.534 | P@10: 0.163 | NDCG@20: 0.453 | PosBrier: 0.6658
2026-03-12 08:55:21 - exp2b_flash_learned_pool - DEBUG -     Loss: 0.0020 | R@10: 0.853 | R@20: 0.928 | μR@10: 0.559 | P@10: 0.154 | NDCG@20: 0.471 | PosBrier: 0.6390
2026-03-12 08:57:35 - exp2b_flash_learned_pool - DEBUG -     Loss: 0.0021 | R@10: 0.871 | R@20: 0.937 | μR@10: 0.556 | P@10: 0.182 | NDCG@20: 0.483 | PosBrier: 0.6276
2026-03-12 08:59:50 - exp2b_flash_learned_pool - DEBUG -     Loss: 0.0024 | R@10: 0.840 | R@20: 0.912 | μR@10: 0.511 | P@10: 0.169 | NDCG@20: 0.450 | PosBrier: 0.6710
2026-03-12 09:02:04 - exp2b_flash_learned_pool - DEBUG -     Loss: 0.0021 | R@10: 0.865 | R@20: 0.928 | μR@10: 0.559 | P@10: 0.173 | NDCG@20: 0.475 | PosBrier: 0.6530
2026-03-12 09:04:19 - exp2b_flash_learned_pool - DEBUG -     Loss: 0.0021 | R@10: 0.837 | R@20: 0.918 | μR@10: 0.529 | P@10: 0.158 | NDCG@20: 0.461 | PosBrier: 0.6619
2026-03-12 09:06:34 - exp2b_flash_learned_pool - DEBUG -     Loss: 0.0024 | R@10: 0.836 | R@20: 0.908 | μR@10: 0.520 | P@10: 0.171 | NDCG@20: 0.456 | PosBrier: 0.6665
2026-03-12 09:08:54 - exp2b_flash_learned_pool - DEBUG -     Loss: 0.0023 | R@10: 0.863 | R@20: 0.929 | μR@10: 0.538 | P@10: 0.192 | NDCG@20: 0.476 | PosBrier: 0.6344
2026-03-12 09:11:12 - exp2b_flash_learned_pool - DEBUG -     Loss: 0.0019 | R@10: 0.859 | R@20: 0.933 | μR@10: 0.577 | P@10: 0.146 | NDCG@20: 0.462 | PosBrier: 0.6903
2026-03-12 09:13:26 - exp2b_flash_learned_pool - DEBUG -     Loss: 0.0024 | R@10: 0.877 | R@20: 0.936 | μR@10: 0.545 | P@10: 0.182 | NDCG@20: 0.478 | PosBrier: 0.6600
2026-03-12 09:15:43 - exp2b_flash_learned_pool - DEBUG -     Loss: 0.0022 | R@10: 0.856 | R@20: 0.916 | μR@10: 0.538 | P@10: 0.159 | NDCG@20: 0.459 | PosBrier: 0.6698
2026-03-12 09:17:58 - exp2b_flash_learned_pool - DEBUG -     Loss: 0.0022 | R@10: 0.871 | R@20: 0.929 | μR@10: 0.525 | P@10: 0.157 | NDCG@20: 0.470 | PosBrier: 0.6867
2026-03-12 09:20:13 - exp2b_flash_learned_pool - DEBUG -     Loss: 0.0020 | R@10: 0.854 | R@20: 0.929 | μR@10: 0.571 | P@10: 0.151 | NDCG@20: 0.462 | PosBrier: 0.6866
2026-03-12 09:22:34 - exp2b_flash_learned_pool - DEBUG -     Loss: 0.0024 | R@10: 0.846 | R@20: 0.907 | μR@10: 0.514 | P@10: 0.172 | NDCG@20: 0.453 | PosBrier: 0.6627
2026-03-12 09:24:46 - exp2b_flash_learned_pool - DEBUG -     Loss: 0.0022 | R@10: 0.842 | R@20: 0.917 | μR@10: 0.541 | P@10: 0.156 | NDCG@20: 0.450 | PosBrier: 0.6621
2026-03-12 09:26:58 - exp2b_flash_learned_pool - DEBUG -     Loss: 0.0021 | R@10: 0.870 | R@20: 0.927 | μR@10: 0.540 | P@10: 0.152 | NDCG@20: 0.471 | PosBrier: 0.6569
2026-03-12 09:29:18 - exp2b_flash_learned_pool - DEBUG -     Loss: 0.0021 | R@10: 0.848 | R@20: 0.902 | μR@10: 0.508 | P@10: 0.150 | NDCG@20: 0.452 | PosBrier: 0.6785
2026-03-12 09:31:39 - exp2b_flash_learned_pool - DEBUG -     Loss: 0.0022 | R@10: 0.873 | R@20: 0.930 | μR@10: 0.542 | P@10: 0.172 | NDCG@20: 0.468 | PosBrier: 0.6574
2026-03-12 09:33:55 - exp2b_flash_learned_pool - DEBUG -     Loss: 0.0023 | R@10: 0.852 | R@20: 0.914 | μR@10: 0.539 | P@10: 0.173 | NDCG@20: 0.471 | PosBrier: 0.6446
2026-03-12 09:36:11 - exp2b_flash_learned_pool - DEBUG -     Loss: 0.0023 | R@10: 0.832 | R@20: 0.906 | μR@10: 0.534 | P@10: 0.180 | NDCG@20: 0.444 | PosBrier: 0.6391
2026-03-12 09:38:30 - exp2b_flash_learned_pool - DEBUG -     Loss: 0.0022 | R@10: 0.843 | R@20: 0.910 | μR@10: 0.551 | P@10: 0.178 | NDCG@20: 0.460 | PosBrier: 0.6544
2026-03-12 09:39:41 - exp2b_flash_learned_pool - INFO -   Using batch-averaged training metrics (no re-evaluation)
2026-03-12 09:39:41 - exp2b_flash_learned_pool - INFO -   Final epoch: Running comprehensive evaluation...
2026-03-12 09:59:15 - exp2b_flash_learned_pool - INFO - 
--- Epoch 1 Summary ---
2026-03-12 09:59:15 - exp2b_flash_learned_pool - INFO -   Train loss: 0.0060 → 0.0022
2026-03-12 09:59:15 - exp2b_flash_learned_pool - INFO -   Val loss: 0.0021, Recall@10: 0.853, μRecall@10: 0.563, NDCG@20: 0.459
2026-03-12 09:59:16 - exp2b_flash_learned_pool - INFO - 
Training completed in 115691.4s
2026-03-12 09:59:16 - exp2b_flash_learned_pool - INFO -   Using cached comprehensive evaluation from final epoch
2026-03-12 09:59:16 - exp2b_flash_learned_pool - INFO - Model saved as: exp_round10_3lobs_formal_training_exp2b_flash_learned_pool_bs128_ep1_d256_20260312_095916
2026-03-12 09:59:16 - exp2b_flash_learned_pool - INFO - 🗑️ Cleaned up 3 checkpoint files, freed 0.85 GB
2026-03-12 09:59:16 - exp2b_flash_learned_pool - INFO - Complete results saved to logs/exp_round10_3lobs_formal_training/exp2b_flash_learned_pool/final_results.json
2026-03-12 09:59:16 - exp2b_flash_learned_pool - INFO - 
================================================================================
2026-03-12 09:59:16 - exp2b_flash_learned_pool - INFO - EXPERIMENT COMPLETE: exp2b_flash_learned_pool
2026-03-12 09:59:16 - exp2b_flash_learned_pool - INFO - ================================================================================
2026-03-12 09:59:16 - exp2b_flash_learned_pool - INFO - Final Recall@10: 0.853
2026-03-12 09:59:16 - exp2b_flash_learned_pool - INFO - Best Val Loss: 0.0000
2026-03-12 09:59:16 - exp2b_flash_learned_pool - INFO - Training Time: 115691.4s
2026-03-12 09:59:16 - exp2b_flash_learned_pool - INFO - ================================================================================

